7766  17:29:48.961665 execve("/usr/bin/qemu-x86_64", ["qemu-x86_64", "-L", "/usr/x86_64-linux-gnu/", "/home/jie-min/Downloads/e5834b7bdd70ec904470d541713e38fe933e96a4e49f80dbfb25148d9674f957.elf"], 0xffffda2f76e8 /* 20 vars */) = 0 <0.000478>
7766  17:29:48.965079 brk(NULL)         = 0xaaaabd9c6000 <0.000002>
7766  17:29:48.965094 brk(0xaaaabd9c6c80) = 0xaaaabd9c6c80 <0.000003>
7766  17:29:48.965104 set_tid_address(0xaaaabd9c6448) = 7766 <0.000002>
7766  17:29:48.965352 set_robust_list(0xaaaabd9c6100, 24) = 0 <0.000002>
7766  17:29:48.965359 rseq(0xaaaabd9c6900, 0x21, 0, 0xd428bc00) = 0 <0.000002>
7766  17:29:48.966564 prlimit64(0, RLIMIT_STACK, NULL, {rlim_cur=8192*1024, rlim_max=RLIM64_INFINITY}) = 0 <0.000003>
7766  17:29:48.966581 getrandom("\xf2\x04\xe7\xd2\xdb\xb1\x7f\x90", 8, GRND_NONBLOCK) = 8 <0.000002>
7766  17:29:48.966639 readlinkat(AT_FDCWD, "/proc/self/exe", "/usr/bin/qemu-x86_64", 4096) = 20 <0.000052>
7766  17:29:48.967378 brk(NULL)         = 0xaaaabd9c6c80 <0.000002>
7766  17:29:48.967387 brk(0xaaaabda00000) = 0xaaaabda00000 <0.000004>
7766  17:29:48.967633 mprotect(0xe75108e2b000, 151552, PROT_READ) = 0 <0.000006>
7766  17:29:48.968090 rt_sigprocmask(SIG_SETMASK, ~[ILL FPE SEGV RTMIN RT_1], [], 8) = 0 <0.000002>
7766  17:29:48.968101 rt_sigaction(SIGRT_1, {sa_handler=0xe75108cc1860, sa_mask=[], sa_flags=SA_ONSTACK|SA_RESTART|SA_SIGINFO}, NULL, 8) = 0 <0.000002>
7766  17:29:48.968110 rt_sigprocmask(SIG_UNBLOCK, [RTMIN RT_1], NULL, 8) = 0 <0.000002>
7766  17:29:48.968117 mmap(NULL, 8454144, PROT_READ|PROT_WRITE, MAP_PRIVATE|MAP_ANONYMOUS|MAP_STACK, -1, 0) = 0xe751081f0000 <0.000004>
7766  17:29:48.968127 madvise(0xe751081f0000, 65536, MADV_GUARD_INSTALL) = 0 <0.000004>
7766  17:29:48.968142 rt_sigprocmask(SIG_BLOCK, ~[], ~[ILL FPE KILL SEGV STOP RTMIN RT_1], 8) = 0 <0.000002>
7766  17:29:48.968151 clone3({flags=CLONE_VM|CLONE_FS|CLONE_FILES|CLONE_SIGHAND|CLONE_THREAD|CLONE_SYSVSEM|CLONE_SETTLS|CLONE_PARENT_SETTID|CLONE_CHILD_CLEARTID, child_tid=0xe751089ff7c8, parent_tid=0xe751089ff470, exit_signal=0, stack=0xe751081f0000, stack_size=0x80ec80, tls=0xe751089ffac0} => {parent_tid=[7767]}, 88) = 7767 <0.000029>
7766  17:29:48.968267 rt_sigprocmask(SIG_SETMASK, ~[ILL FPE KILL SEGV STOP RTMIN RT_1], NULL, 8) = 0 <0.000002>
7766  17:29:48.968276 rt_sigprocmask(SIG_SETMASK, [], NULL, 8) = 0 <0.000001>
7767  17:29:48.968435 rseq(0xe751089ffc80, 0x21, 0, 0xd428bc00) = 0 <0.000002>
7767  17:29:48.968445 set_robust_list(0xe751089ff480, 24) = 0 <0.000001>
7767  17:29:48.968452 rt_sigprocmask(SIG_SETMASK, ~[ILL FPE KILL SEGV STOP RTMIN RT_1], NULL, 8) = 0 <0.000001>
7767  17:29:48.968460 mmap(NULL, 134217728, PROT_NONE, MAP_PRIVATE|MAP_ANONYMOUS, -1, 0) = 0xe75100000000 <0.000005>
7767  17:29:48.968471 munmap(0xe75104000000, 67108864) = 0 <0.000004>
7767  17:29:48.968480 mprotect(0xe75100000000, 2097152, PROT_READ|PROT_WRITE) = 0 <0.000002>
7767  17:29:48.968487 madvise(0xe75100000000, 2097152, MADV_HUGEPAGE) = 0 <0.000002>
7767  17:29:48.968854 futex(0xe75108ea80a0, FUTEX_WAIT, 4294967295, NULL <unfinished ...>
7766  17:29:48.971225 prlimit64(0, RLIMIT_STACK, NULL, {rlim_cur=8192*1024, rlim_max=RLIM64_INFINITY}) = 0 <0.000003>
7766  17:29:48.971246 uname({sysname="Linux", nodename="jie-min-VMware20-1", ...}) = 0 <0.000002>
7766  17:29:48.971256 openat(AT_FDCWD, "/home/jie-min/Downloads/e5834b7bdd70ec904470d541713e38fe933e96a4e49f80dbfb25148d9674f957.elf", O_RDONLY) = 3 <0.000004>
7766  17:29:48.971274 readlinkat(AT_FDCWD, "/home", 0xffffc70fa790, 1023) = -1 EINVAL (Invalid argument) <0.000002>
7766  17:29:48.971306 readlinkat(AT_FDCWD, "/home/jie-min", 0xffffc70fa790, 1023) = -1 EINVAL (Invalid argument) <0.000002>
7766  17:29:48.971315 readlinkat(AT_FDCWD, "/home/jie-min/Downloads", 0xffffc70fa790, 1023) = -1 EINVAL (Invalid argument) <0.000002>
7766  17:29:48.971323 readlinkat(AT_FDCWD, "/home/jie-min/Downloads/e5834b7bdd70ec904470d541713e38fe933e96a4e49f80dbfb25148d9674f957.elf", 0xffffc70fa790, 1023) = -1 EINVAL (Invalid argument) <0.000002>
7766  17:29:48.971331 lseek(3, 0, SEEK_SET) = 0 <0.000002>
7766  17:29:48.971338 read(3, "\177ELF\2\1\1\0\0\0\0\0\0\0\0\0\3\0>\0\1\0\0\0C\350\0\0\0\0\0\0@\0\0\0\0\0\0\0 s\16\0\0\0\0\0\0\0\0\0@\08\0\n\0@\0\32\0\31\0", 64) = 64 <0.000003>
7766  17:29:48.971351 lseek(3, 0, SEEK_SET) = 0 <0.000001>
7766  17:29:48.971541 brk(0xaaaabdc00000) = 0xaaaabdc00000 <0.000003>
7766  17:29:48.971551 madvise(0xaaaabda00000, 2097152, MADV_HUGEPAGE) = 0 <0.000012>
7766  17:29:48.972193 sysinfo({uptime=924, loads=[7456, 9184, 9376], totalram=5645959168, freeram=404926464, sharedram=96436224, bufferram=22888448, totalswap=3239047168, freeswap=3238416384, procs=986, totalhigh=0, freehigh=0, mem_unit=1}) = 0 <0.000005>
7766  17:29:48.972209 mmap(NULL, 134217728, PROT_NONE, MAP_PRIVATE|MAP_ANONYMOUS, -1, 0) = 0xe750f8000000 <0.000003>
7766  17:29:48.972217 madvise(0xe750f8000000, 134217728, MADV_HUGEPAGE) = 0 <0.000002>
7766  17:29:48.972224 mprotect(0xe750f8000000, 134213632, PROT_READ|PROT_WRITE|PROT_EXEC) = 0 <0.000002>
7766  17:29:48.972571 getrandom(NULL, 0, 0) = 0 <0.000002>
7766  17:29:48.972582 openat(AT_FDCWD, "/proc/sys/vm/mmap_min_addr", O_RDONLY) = 4 <0.000005>
7766  17:29:48.972596 fstat(4, {st_mode=S_IFREG|0644, st_size=0, ...}) = 0 <0.000002>
7766  17:29:48.972605 read(4, "32768\n", 1024) = 6 <0.000005>
7766  17:29:48.972625 lseek(4, 0, SEEK_CUR) = 6 <0.000001>
7766  17:29:48.972631 lseek(4, 5, SEEK_SET) = 5 <0.000001>
7766  17:29:48.972637 close(4)          = 0 <0.000002>
7766  17:29:48.972644 gettid()          = 7766 <0.000001>
7766  17:29:48.972651 fstat(3, {st_mode=S_IFREG|0755, st_size=948640, ...}) = 0 <0.000002>
7766  17:29:48.972658 geteuid()         = 0 <0.000001>
7766  17:29:48.972664 getegid()         = 0 <0.000001>
7766  17:29:48.972670 read(3, "\177ELF\2\1\1\0\0\0\0\0\0\0\0\0\3\0>\0\1\0\0\0C\350\0\0\0\0\0\0@\0\0\0\0\0\0\0 s\16\0\0\0\0\0\0\0\0\0@\08\0\n\0@\0\32\0\31\0\1\0\0\0\4\0\0\0\0\0\0\0\0\0\0\0\0\0\0\0\0\0\0\0\0\0\0\0\0\0\0\0\20\265\0\0\0\0\0\0\20\265\0\0\0\0\0\0\0\20\0\0\0\0\0\0\1\0\0\0\5\0\0\0\0\300\0\0\0\0\0\0\0\300\0\0\0\0\0\0\0\300\0\0\0\0\0\0\263p\n\0\0\0\0\0\263p\n\0\0\0\0\0\0\20\0\0\0\0\0\0\1\0\0\0\4\0\0\0\0@\v\0\0\0\0\0\0@\v\0\0\0\0\0\0@\v\0\0\0\0\0L\177\1\0\0\0\0\0L\177\1\0\0\0\0\0\0\20\0\0\0\0\0\0\1\0\0\0\6\0\0\0\270\313\f\0\0\0\0\0\270\313\f\0\0\0\0\0"..., 1024) = 1024 <0.000002>
7766  17:29:48.972680 mmap(0x555555556000, 954368, PROT_NONE, MAP_PRIVATE|MAP_ANONYMOUS|MAP_NORESERVE, -1, 0) = 0x555555556000 <0.000003>
7766  17:29:48.972689 mmap(0x555555556000, 49152, PROT_READ, MAP_PRIVATE|MAP_FIXED, 3, 0) = 0x555555556000 <0.000004>
7766  17:29:48.972698 mmap(0x555555562000, 688128, PROT_READ, MAP_PRIVATE|MAP_FIXED, 3, 0xc000) = 0x555555562000 <0.000008>
7766  17:29:48.972712 mmap(0x55555560a000, 98304, PROT_READ, MAP_PRIVATE|MAP_FIXED, 3, 0xb4000) = 0x55555560a000 <0.000003>
7766  17:29:48.972720 mmap(0x555555622000, 114688, PROT_READ|PROT_WRITE, MAP_PRIVATE|MAP_FIXED, 3, 0xcc000) = 0x555555622000 <0.000002>
7766  17:29:48.972731 mmap(0x55555563e000, 4096, PROT_READ|PROT_WRITE, MAP_PRIVATE|MAP_FIXED|MAP_ANONYMOUS, -1, 0) = 0x55555563e000 <0.000002>
7766  17:29:48.972739 pread64(3, "\0\0\0\0\0\0\0\0\0\0\0\0\0\0\0\0\0\0\0\0\0\0\0\0\0\0\0\0\0\0\0\0\0\0\0\0\0\0\0\0\0\0\0\0\0\0\0\0\0\0\0\0\0\0\0\0\0\0\0\0\0\0\0\0\v\0\0\0\7\0\0\0\2\0\0\0\0\0\0\0p\2\0\0\0\0\0\0p\2\0\0\0\0\0\0$\0\0\0\0\0\0\0\0\0\0\0\0\0\0\0\4\0\0\0\0\0\0\0\0\0\0\0\0\0\0\0\36\0\0\0\366\377\377o\2\0\0\0\0\0\0\0\230\2\0\0\0\0\0\0\230\2\0\0\0\0\0\0\34\0\0\0\0\0\0\0\3\0\0\0\0\0\0\0\10\0\0\0\0\0\0\0\0\0\0\0\0\0\0\0(\0\0\0\v\0\0\0\2\0\0\0\0\0\0\0\270\2\0\0\0\0\0\0\270\2\0\0\0\0\0\0\30\0\0\0\0\0\0\0\4\0\0\0\1\0\0\0\10\0\0\0\0\0\0\0\30\0\0\0\0\0\0\0"..., 1664, 946976) = 1664 <0.000002>
7766  17:29:48.972748 close(3)          = 0 <0.000001>
7766  17:29:48.972754 mmap(NULL, 8392704, PROT_READ|PROT_WRITE, MAP_PRIVATE|MAP_ANONYMOUS, -1, 0) = 0xe751079ef000 <0.000002>
7766  17:29:48.972762 mprotect(0xe751079ef000, 4096, PROT_NONE) = 0 <0.000003>
7766  17:29:48.972776 mmap(NULL, 4096, PROT_NONE, MAP_PRIVATE|MAP_ANONYMOUS|MAP_NORESERVE, -1, 0) = 0xe75109015000 <0.000002>
7766  17:29:48.972784 mmap(0xe75109015000, 4096, PROT_READ|PROT_WRITE, MAP_PRIVATE|MAP_FIXED|MAP_ANONYMOUS, -1, 0) = 0xe75109015000 <0.000003>
7766  17:29:48.972799 mprotect(0xe75109015000, 4096, PROT_READ|PROT_WRITE) = 0 <0.000002>
7766  17:29:48.972807 close(-1)         = -1 EBADF (Bad file descriptor) <0.000001>
7766  17:29:48.972814 mprotect(0xe75109015000, 4096, PROT_READ) = 0 <0.000003>
7766  17:29:48.972821 getrandom("\x91\xe2\x1b\xc5\x2b\x27\x5d\x8c\x08\xb3\x7a\x07\x34\x48\x48\xb5", 16, 0) = 16 <0.000001>
7766  17:29:48.972829 getuid()          = 0 <0.000002>
7766  17:29:48.972835 geteuid()         = 0 <0.000001>
7766  17:29:48.972841 getgid()          = 0 <0.000001>
7766  17:29:48.972847 getegid()         = 0 <0.000001>
7766  17:29:48.973113 rt_sigprocmask(SIG_BLOCK, NULL, [], 8) = 0 <0.000002>
7766  17:29:48.973121 rt_sigaction(SIGHUP, NULL, {sa_handler=SIG_DFL, sa_mask=[], sa_flags=0}, 8) = 0 <0.000002>
7766  17:29:48.973129 rt_sigaction(SIGINT, NULL, {sa_handler=SIG_IGN, sa_mask=[], sa_flags=0}, 8) = 0 <0.000001>
7766  17:29:48.973136 rt_sigaction(SIGQUIT, {sa_handler=0xe75108b30e60, sa_mask=~[RTMIN RT_1], sa_flags=SA_SIGINFO}, {sa_handler=SIG_IGN, sa_mask=[], sa_flags=0}, 8) = 0 <0.000001>
7766  17:29:48.973144 rt_sigaction(SIGILL, {sa_handler=0xe75108b30e60, sa_mask=~[RTMIN RT_1], sa_flags=SA_SIGINFO}, {sa_handler=SIG_DFL, sa_mask=[], sa_flags=0}, 8) = 0 <0.000001>
7766  17:29:48.973151 rt_sigaction(SIGTRAP, {sa_handler=0xe75108b30e60, sa_mask=~[RTMIN RT_1], sa_flags=SA_SIGINFO}, {sa_handler=SIG_DFL, sa_mask=[], sa_flags=0}, 8) = 0 <0.000001>
7766  17:29:48.973159 rt_sigprocmask(SIG_BLOCK, ~[], [], 8) = 0 <0.000001>
7766  17:29:48.973166 rt_sigaction(SIGABRT, NULL, {sa_handler=SIG_DFL, sa_mask=[], sa_flags=0}, 8) = 0 <0.000001>
7766  17:29:48.973172 rt_sigprocmask(SIG_SETMASK, [], NULL, 8) = 0 <0.000001>
7766  17:29:48.973179 rt_sigaction(SIGRT_3, {sa_handler=0xe75108b30e60, sa_mask=~[RTMIN RT_1], sa_flags=SA_SIGINFO}, NULL, 8) = 0 <0.000001>
7766  17:29:48.973186 rt_sigaction(SIGBUS, {sa_handler=0xe75108b30e60, sa_mask=~[RTMIN RT_1], sa_flags=SA_SIGINFO}, {sa_handler=SIG_DFL, sa_mask=[], sa_flags=0}, 8) = 0 <0.000001>
7766  17:29:48.973193 rt_sigaction(SIGFPE, {sa_handler=0xe75108b30e60, sa_mask=~[RTMIN RT_1], sa_flags=SA_SIGINFO}, {sa_handler=SIG_DFL, sa_mask=[], sa_flags=0}, 8) = 0 <0.000001>
7766  17:29:48.973200 rt_sigaction(SIGKILL, NULL, {sa_handler=SIG_DFL, sa_mask=[], sa_flags=0}, 8) = 0 <0.000001>
7766  17:29:48.973207 rt_sigaction(SIGUSR1, NULL, {sa_handler=SIG_DFL, sa_mask=[], sa_flags=0}, 8) = 0 <0.000001>
7766  17:29:48.973213 rt_sigaction(SIGSEGV, {sa_handler=0xe75108b30e60, sa_mask=~[RTMIN RT_1], sa_flags=SA_SIGINFO}, {sa_handler=SIG_DFL, sa_mask=[], sa_flags=0}, 8) = 0 <0.000001>
7766  17:29:48.973220 rt_sigaction(SIGUSR2, NULL, {sa_handler=SIG_DFL, sa_mask=[], sa_flags=0}, 8) = 0 <0.000001>
7766  17:29:48.973226 rt_sigaction(SIGPIPE, NULL, {sa_handler=SIG_DFL, sa_mask=[], sa_flags=0}, 8) = 0 <0.000001>
7766  17:29:48.973233 rt_sigaction(SIGALRM, NULL, {sa_handler=SIG_DFL, sa_mask=[], sa_flags=0}, 8) = 0 <0.000001>
7766  17:29:48.973239 rt_sigaction(SIGTERM, NULL, {sa_handler=SIG_DFL, sa_mask=[], sa_flags=0}, 8) = 0 <0.000001>
7766  17:29:48.973246 rt_sigaction(SIGSTKFLT, NULL, {sa_handler=SIG_DFL, sa_mask=[], sa_flags=0}, 8) = 0 <0.000001>
7766  17:29:48.973252 rt_sigaction(SIGCHLD, NULL, {sa_handler=SIG_DFL, sa_mask=[], sa_flags=0}, 8) = 0 <0.000001>
7766  17:29:48.973258 rt_sigaction(SIGCONT, NULL, {sa_handler=SIG_DFL, sa_mask=[], sa_flags=0}, 8) = 0 <0.000001>
7766  17:29:48.973265 rt_sigaction(SIGSTOP, NULL, {sa_handler=SIG_DFL, sa_mask=[], sa_flags=0}, 8) = 0 <0.000001>
7766  17:29:48.973271 rt_sigaction(SIGTSTP, NULL, {sa_handler=SIG_DFL, sa_mask=[], sa_flags=0}, 8) = 0 <0.000001>
7766  17:29:48.973277 rt_sigaction(SIGTTIN, NULL, {sa_handler=SIG_DFL, sa_mask=[], sa_flags=0}, 8) = 0 <0.000001>
7766  17:29:48.973284 rt_sigaction(SIGTTOU, NULL, {sa_handler=SIG_DFL, sa_mask=[], sa_flags=0}, 8) = 0 <0.000001>
7766  17:29:48.973290 rt_sigaction(SIGURG, NULL, {sa_handler=SIG_DFL, sa_mask=[], sa_flags=0}, 8) = 0 <0.000001>
7766  17:29:48.973296 rt_sigaction(SIGXCPU, NULL, {sa_handler=SIG_DFL, sa_mask=[], sa_flags=0}, 8) = 0 <0.000002>
7766  17:29:48.973307 rt_sigaction(SIGXFSZ, NULL, {sa_handler=SIG_DFL, sa_mask=[], sa_flags=0}, 8) = 0 <0.000001>
7766  17:29:48.973314 rt_sigaction(SIGVTALRM, NULL, {sa_handler=SIG_DFL, sa_mask=[], sa_flags=0}, 8) = 0 <0.000001>
7766  17:29:48.973320 rt_sigaction(SIGPROF, NULL, {sa_handler=SIG_DFL, sa_mask=[], sa_flags=0}, 8) = 0 <0.000001>
7766  17:29:48.973327 rt_sigaction(SIGWINCH, NULL, {sa_handler=SIG_DFL, sa_mask=[], sa_flags=0}, 8) = 0 <0.000001>
7766  17:29:48.973333 rt_sigaction(SIGIO, NULL, {sa_handler=SIG_DFL, sa_mask=[], sa_flags=0}, 8) = 0 <0.000001>
7766  17:29:48.973340 rt_sigaction(SIGPWR, NULL, {sa_handler=SIG_DFL, sa_mask=[], sa_flags=0}, 8) = 0 <0.000001>
7766  17:29:48.973346 rt_sigaction(SIGSYS, NULL, {sa_handler=SIG_DFL, sa_mask=[], sa_flags=0}, 8) = 0 <0.000001>
7766  17:29:48.973352 rt_sigaction(SIGRT_4, NULL, {sa_handler=SIG_DFL, sa_mask=[], sa_flags=0}, 8) = 0 <0.000001>
7766  17:29:48.973359 rt_sigaction(SIGRT_5, NULL, {sa_handler=SIG_DFL, sa_mask=[], sa_flags=0}, 8) = 0 <0.000001>
7766  17:29:48.973365 rt_sigaction(SIGRT_6, NULL, {sa_handler=SIG_DFL, sa_mask=[], sa_flags=0}, 8) = 0 <0.000002>
7766  17:29:48.973372 rt_sigaction(SIGRT_7, NULL, {sa_handler=SIG_DFL, sa_mask=[], sa_flags=0}, 8) = 0 <0.000001>
7766  17:29:48.973378 rt_sigaction(SIGRT_8, NULL, {sa_handler=SIG_DFL, sa_mask=[], sa_flags=0}, 8) = 0 <0.000001>
7766  17:29:48.973384 rt_sigaction(SIGRT_9, NULL, {sa_handler=SIG_DFL, sa_mask=[], sa_flags=0}, 8) = 0 <0.000001>
7766  17:29:48.973391 rt_sigaction(SIGRT_10, NULL, {sa_handler=SIG_DFL, sa_mask=[], sa_flags=0}, 8) = 0 <0.000001>
7766  17:29:48.973397 rt_sigaction(SIGRT_11, NULL, {sa_handler=SIG_DFL, sa_mask=[], sa_flags=0}, 8) = 0 <0.000001>
7766  17:29:48.973404 rt_sigaction(SIGRT_12, NULL, {sa_handler=SIG_DFL, sa_mask=[], sa_flags=0}, 8) = 0 <0.000001>
7766  17:29:48.973410 rt_sigaction(SIGRT_13, NULL, {sa_handler=SIG_DFL, sa_mask=[], sa_flags=0}, 8) = 0 <0.000001>
7766  17:29:48.973416 rt_sigaction(SIGRT_14, NULL, {sa_handler=SIG_DFL, sa_mask=[], sa_flags=0}, 8) = 0 <0.000001>
7766  17:29:48.973423 rt_sigaction(SIGRT_15, NULL, {sa_handler=SIG_DFL, sa_mask=[], sa_flags=0}, 8) = 0 <0.000001>
7766  17:29:48.973429 rt_sigaction(SIGRT_16, NULL, {sa_handler=SIG_DFL, sa_mask=[], sa_flags=0}, 8) = 0 <0.000001>
7766  17:29:48.973435 rt_sigaction(SIGRT_17, NULL, {sa_handler=SIG_DFL, sa_mask=[], sa_flags=0}, 8) = 0 <0.000001>
7766  17:29:48.973441 rt_sigaction(SIGRT_18, NULL, {sa_handler=SIG_DFL, sa_mask=[], sa_flags=0}, 8) = 0 <0.000001>
7766  17:29:48.973448 rt_sigaction(SIGRT_19, NULL, {sa_handler=SIG_DFL, sa_mask=[], sa_flags=0}, 8) = 0 <0.000001>
7766  17:29:48.973454 rt_sigaction(SIGRT_20, NULL, {sa_handler=SIG_DFL, sa_mask=[], sa_flags=0}, 8) = 0 <0.000001>
7766  17:29:48.973460 rt_sigaction(SIGRT_21, NULL, {sa_handler=SIG_DFL, sa_mask=[], sa_flags=0}, 8) = 0 <0.000001>
7766  17:29:48.973466 rt_sigaction(SIGRT_22, NULL, {sa_handler=SIG_DFL, sa_mask=[], sa_flags=0}, 8) = 0 <0.000001>
7766  17:29:48.973473 rt_sigaction(SIGRT_23, NULL, {sa_handler=SIG_DFL, sa_mask=[], sa_flags=0}, 8) = 0 <0.000001>
7766  17:29:48.973479 rt_sigaction(SIGRT_24, NULL, {sa_handler=SIG_DFL, sa_mask=[], sa_flags=0}, 8) = 0 <0.000001>
7766  17:29:48.973485 rt_sigaction(SIGRT_25, NULL, {sa_handler=SIG_DFL, sa_mask=[], sa_flags=0}, 8) = 0 <0.000001>
7766  17:29:48.973492 rt_sigaction(SIGRT_26, NULL, {sa_handler=SIG_DFL, sa_mask=[], sa_flags=0}, 8) = 0 <0.000001>
7766  17:29:48.973498 rt_sigaction(SIGRT_27, NULL, {sa_handler=SIG_DFL, sa_mask=[], sa_flags=0}, 8) = 0 <0.000001>
7766  17:29:48.973504 rt_sigaction(SIGRT_28, NULL, {sa_handler=SIG_DFL, sa_mask=[], sa_flags=0}, 8) = 0 <0.000001>
7766  17:29:48.973511 rt_sigaction(SIGRT_29, NULL, {sa_handler=SIG_DFL, sa_mask=[], sa_flags=0}, 8) = 0 <0.000001>
7766  17:29:48.973517 rt_sigaction(SIGRT_30, NULL, {sa_handler=SIG_DFL, sa_mask=[], sa_flags=0}, 8) = 0 <0.000001>
7766  17:29:48.973523 rt_sigaction(SIGRT_31, NULL, {sa_handler=SIG_DFL, sa_mask=[], sa_flags=0}, 8) = 0 <0.000001>
7766  17:29:48.973531 rt_sigaction(SIGRT_32, NULL, {sa_handler=SIG_DFL, sa_mask=[], sa_flags=0}, 8) = 0 <0.000001>
7766  17:29:48.973537 rt_sigaction(SIGRT_2, {sa_handler=0xe75108b30e60, sa_mask=~[RTMIN RT_1], sa_flags=SA_SIGINFO}, NULL, 8) = 0 <0.000002>
7766  17:29:48.974145 mmap(NULL, 4096, PROT_READ|PROT_WRITE, MAP_PRIVATE|MAP_ANONYMOUS, -1, 0) = 0xe75109014000 <0.000003>
7766  17:29:48.974158 mmap(NULL, 4096, PROT_READ|PROT_WRITE, MAP_PRIVATE|MAP_ANONYMOUS, -1, 0) = 0xe75109013000 <0.000002>
7766  17:29:48.974419 futex(0xe75108ea8900, FUTEX_WAKE_PRIVATE, 2147483647) = 0 <0.000002>
7766  17:29:48.974581 futex(0xe75108ea8900, FUTEX_WAKE_PRIVATE, 2147483647) = 0 <0.000002>
7766  17:29:48.974764 futex(0xe75108ea8900, FUTEX_WAKE_PRIVATE, 2147483647) = 0 <0.000002>
7766  17:29:48.974773 futex(0xe75108ea8900, FUTEX_WAKE_PRIVATE, 2147483647) = 0 <0.000001>
7766  17:29:48.974785 mmap(NULL, 4096, PROT_READ|PROT_WRITE, MAP_PRIVATE|MAP_ANONYMOUS, -1, 0) = 0xe75109012000 <0.000003>
7766  17:29:48.974868 futex(0xe75108ea8900, FUTEX_WAKE_PRIVATE, 2147483647) = 0 <0.000002>
7766  17:29:48.974883 gettid()          = 7766 <0.000002>
7766  17:29:48.974999 ppoll([{fd=0, events=0}, {fd=1, events=0}, {fd=2, events=0}], 3, {tv_sec=0, tv_nsec=0}, NULL, 0) = 0 (Timeout) <0.000005>
7766  17:29:48.975098 rt_sigprocmask(SIG_SETMASK, ~[RTMIN RT_1], NULL, 8) = 0 <0.000002>
7766  17:29:48.975106 rt_sigaction(SIGPIPE, {sa_handler=SIG_IGN, sa_mask=~[RTMIN RT_1], sa_flags=SA_SIGINFO}, NULL, 8) = 0 <0.000002>
7766  17:29:48.975114 rt_sigprocmask(SIG_SETMASK, ~[RTMIN RT_1], NULL, 8) = 0 <0.000001>
7766  17:29:48.975120 rt_sigprocmask(SIG_SETMASK, [], NULL, 8) = 0 <0.000001>
7766  17:29:48.975218 rt_sigprocmask(SIG_SETMASK, ~[RTMIN RT_1], NULL, 8) = 0 <0.000001>
7766  17:29:48.975225 rt_sigprocmask(SIG_SETMASK, ~[RTMIN RT_1], NULL, 8) = 0 <0.000001>
7766  17:29:48.975232 rt_sigprocmask(SIG_SETMASK, [], NULL, 8) = 0 <0.000001>
7766  17:29:48.975332 mmap(NULL, 12288, PROT_READ|PROT_WRITE, MAP_PRIVATE|MAP_ANONYMOUS, -1, 0) = 0xe7510900f000 <0.000002>
7766  17:29:48.975361 mprotect(0xe7510900f000, 4096, PROT_NONE) = 0 <0.000003>
7766  17:29:48.975425 rt_sigprocmask(SIG_SETMASK, ~[RTMIN RT_1], NULL, 8) = 0 <0.000001>
7766  17:29:48.975433 rt_sigprocmask(SIG_SETMASK, ~[RTMIN RT_1], NULL, 8) = 0 <0.000001>
7766  17:29:48.975439 rt_sigprocmask(SIG_SETMASK, [], NULL, 8) = 0 <0.000001>
7766  17:29:48.975464 rt_sigprocmask(SIG_SETMASK, ~[RTMIN RT_1], NULL, 8) = 0 <0.000002>
7766  17:29:48.975471 rt_sigprocmask(SIG_SETMASK, ~[RTMIN RT_1], NULL, 8) = 0 <0.000001>
7766  17:29:48.975478 rt_sigprocmask(SIG_SETMASK, [], NULL, 8) = 0 <0.000001>
7766  17:29:48.975489 rt_sigprocmask(SIG_SETMASK, ~[RTMIN RT_1], NULL, 8) = 0 <0.000001>
7766  17:29:48.975495 rt_sigprocmask(SIG_SETMASK, ~[RTMIN RT_1], NULL, 8) = 0 <0.000001>
7766  17:29:48.975502 rt_sigprocmask(SIG_SETMASK, [], NULL, 8) = 0 <0.000001>
7766  17:29:48.975525 rt_sigprocmask(SIG_SETMASK, ~[RTMIN RT_1], NULL, 8) = 0 <0.000001>
7766  17:29:48.975531 rt_sigprocmask(SIG_SETMASK, ~[RTMIN RT_1], NULL, 8) = 0 <0.000001>
7766  17:29:48.975538 rt_sigprocmask(SIG_SETMASK, [], NULL, 8) = 0 <0.000001>
7766  17:29:48.975677 mmap(0x55555563f000, 8192, PROT_READ|PROT_WRITE, MAP_PRIVATE|MAP_ANONYMOUS|MAP_FIXED_NOREPLACE, -1, 0) = 0x55555563f000 <0.000003>
7766  17:29:48.975712 mmap(0x55555563f000, 4096, PROT_NONE, MAP_PRIVATE|MAP_FIXED|MAP_ANONYMOUS, -1, 0) = 0x55555563f000 <0.000008>
7766  17:29:48.975929 mmap(NULL, 4096, PROT_READ|PROT_WRITE, MAP_PRIVATE|MAP_ANONYMOUS, -1, 0) = 0xe7510900e000 <0.000002>
7766  17:29:48.975944 futex(0xe75108ea8900, FUTEX_WAKE_PRIVATE, 2147483647) = 0 <0.000001>
7766  17:29:48.976299 rt_sigprocmask(SIG_SETMASK, ~[RTMIN RT_1], NULL, 8) = 0 <0.000001>
7766  17:29:48.976307 rt_sigprocmask(SIG_SETMASK, ~[RTMIN RT_1], NULL, 8) = 0 <0.000001>
7766  17:29:48.976314 rt_sigprocmask(SIG_SETMASK, ~[ABRT BUS KILL SEGV STOP RTMIN RT_1 RT_2 RT_4 RT_5 RT_6], NULL, 8) = 0 <0.000002>
7766  17:29:48.976371 rt_sigprocmask(SIG_SETMASK, ~[RTMIN RT_1], NULL, 8) = 0 <0.000001>
7766  17:29:48.976378 rt_sigprocmask(SIG_SETMASK, ~[RTMIN RT_1], NULL, 8) = 0 <0.000002>
7766  17:29:48.976389 rt_sigprocmask(SIG_SETMASK, [], NULL, 8) = 0 <0.000001>
7766  17:29:48.976752 getrandom("\x34\x19\xf0\x54\xf0\xd7\xee\xd7\x51\x0b\x1f\x69\x00\x2b\x4f\xf9", 16, GRND_INSECURE) = 16 <0.000002>
7766  17:29:48.976872 futex(0xe75108ea8900, FUTEX_WAKE_PRIVATE, 2147483647) = 0 <0.000002>
7766  17:29:48.976979 futex(0xe75108ea8900, FUTEX_WAKE_PRIVATE, 2147483647) = 0 <0.000002>
7766  17:29:48.977340 readlinkat(AT_FDCWD, "/proc", 0xffffc70f91f0, 1023) = -1 EINVAL (Invalid argument) <0.000003>
7766  17:29:48.977354 readlinkat(AT_FDCWD, "/proc/self", "7766", 1023) = 4 <0.000003>
7766  17:29:48.977364 readlinkat(AT_FDCWD, "/proc/7766", 0xffffc70f91f0, 1023) = -1 EINVAL (Invalid argument) <0.000002>
7766  17:29:48.977372 readlinkat(AT_FDCWD, "/proc/7766/cgroup", 0xffffc70f91f0, 1023) = -1 EINVAL (Invalid argument) <0.000006>
7766  17:29:48.977384 getpid()          = 7766 <0.000002>
7766  17:29:48.977391 getpid()          = 7766 <0.000001>
7766  17:29:48.977397 getpid()          = 7766 <0.000001>
7766  17:29:48.977403 getpid()          = 7766 <0.000001>
7766  17:29:48.977409 getpid()          = 7766 <0.000001>
7766  17:29:48.977414 getpid()          = 7766 <0.000001>
7766  17:29:48.977422 faccessat(AT_FDCWD, "/usr/x86_64-linux-gnu/proc/self/cgroup", F_OK) = -1 ENOENT (No such file or directory) <0.000656>
7766  17:29:48.978089 openat(AT_FDCWD, "/proc/self/cgroup", O_RDONLY|O_CLOEXEC) = 3 <0.000005>
7766  17:29:48.978119 fcntl(3, F_SETFD, FD_CLOEXEC) = 0 <0.000002>
7766  17:29:48.978189 fstat(3, {st_mode=S_IFREG|0444, st_size=0, ...}) = 0 <0.000002>
7766  17:29:48.978242 lseek(3, 0, SEEK_CUR) = 0 <0.000002>
7766  17:29:48.978329 read(3, "0::/user.slice/user-1000.slice/user@1000.service/app.slice/ptyxis-spawn-bcbfad45-1dc6-469e-888c-1eb6ec639722.scope\n", 128) = 115 <0.000007>
7766  17:29:48.978364 read(3, "", 13)   = 0 <0.000002>
7766  17:29:48.978399 close(3)          = 0 <0.000002>
7766  17:29:48.979069 faccessat(AT_FDCWD, "/usr/x86_64-linux-gnu/sys/fs/cgroup/user.slice/user-1000.slice/user@1000.service/app.slice/ptyxis-spawn-bcbfad45-1dc6-469e-888c-1eb6ec639722.scope/cgroup.controllers", F_OK) = -1 ENOENT (No such file or directory) <0.000003>
7766  17:29:48.979081 newfstatat(AT_FDCWD, "/sys/fs/cgroup/user.slice/user-1000.slice/user@1000.service/app.slice/ptyxis-spawn-bcbfad45-1dc6-469e-888c-1eb6ec639722.scope/cgroup.controllers", {st_mode=S_IFREG|0444, st_size=0, ...}, 0) = 0 <0.000021>
7766  17:29:48.979693 readlinkat(AT_FDCWD, "/sys", 0xffffc70f91f0, 1023) = -1 EINVAL (Invalid argument) <0.000002>
7766  17:29:48.979705 readlinkat(AT_FDCWD, "/sys/fs", 0xffffc70f91f0, 1023) = -1 EINVAL (Invalid argument) <0.000002>
7766  17:29:48.979713 readlinkat(AT_FDCWD, "/sys/fs/cgroup", 0xffffc70f91f0, 1023) = -1 EINVAL (Invalid argument) <0.000002>
7766  17:29:48.979721 readlinkat(AT_FDCWD, "/sys/fs/cgroup/user.slice", 0xffffc70f91f0, 1023) = -1 EINVAL (Invalid argument) <0.000002>
7766  17:29:48.979728 readlinkat(AT_FDCWD, "/sys/fs/cgroup/user.slice/user-1000.slice", 0xffffc70f91f0, 1023) = -1 EINVAL (Invalid argument) <0.000002>
7766  17:29:48.979736 readlinkat(AT_FDCWD, "/sys/fs/cgroup/user.slice/user-1000.slice/user@1000.service", 0xffffc70f91f0, 1023) = -1 EINVAL (Invalid argument) <0.000002>
7766  17:29:48.979743 readlinkat(AT_FDCWD, "/sys/fs/cgroup/user.slice/user-1000.slice/user@1000.service/app.slice", 0xffffc70f91f0, 1023) = -1 EINVAL (Invalid argument) <0.000002>
7766  17:29:48.979750 readlinkat(AT_FDCWD, "/sys/fs/cgroup/user.slice/user-1000.slice/user@1000.service/app.slice/ptyxis-spawn-bcbfad45-1dc6-469e-888c-1eb6ec639722.scope", 0xffffc70f91f0, 1023) = -1 EINVAL (Invalid argument) <0.000002>
7766  17:29:48.979758 readlinkat(AT_FDCWD, "/sys/fs/cgroup/user.slice/user-1000.slice/user@1000.service/app.slice/ptyxis-spawn-bcbfad45-1dc6-469e-888c-1eb6ec639722.scope/cpu.max", 0xffffc70f91f0, 1023) = -1 ENOENT (No such file or directory) <0.000003>
7766  17:29:48.979768 faccessat(AT_FDCWD, "/usr/x86_64-linux-gnu/sys/fs/cgroup/user.slice/user-1000.slice/user@1000.service/app.slice/ptyxis-spawn-bcbfad45-1dc6-469e-888c-1eb6ec639722.scope/cpu.max", F_OK) = -1 ENOENT (No such file or directory) <0.000002>
7766  17:29:48.979781 openat(AT_FDCWD, "/sys/fs/cgroup/user.slice/user-1000.slice/user@1000.service/app.slice/ptyxis-spawn-bcbfad45-1dc6-469e-888c-1eb6ec639722.scope/cpu.max", O_RDONLY|O_CLOEXEC) = -1 ENOENT (No such file or directory) <0.000003>
7766  17:29:48.979906 readlinkat(AT_FDCWD, "/sys", 0xffffc70f91f0, 1023) = -1 EINVAL (Invalid argument) <0.000002>
7766  17:29:48.979914 readlinkat(AT_FDCWD, "/sys/fs", 0xffffc70f91f0, 1023) = -1 EINVAL (Invalid argument) <0.000002>
7766  17:29:48.979921 readlinkat(AT_FDCWD, "/sys/fs/cgroup", 0xffffc70f91f0, 1023) = -1 EINVAL (Invalid argument) <0.000002>
7766  17:29:48.979928 readlinkat(AT_FDCWD, "/sys/fs/cgroup/user.slice", 0xffffc70f91f0, 1023) = -1 EINVAL (Invalid argument) <0.000002>
7766  17:29:48.979935 readlinkat(AT_FDCWD, "/sys/fs/cgroup/user.slice/user-1000.slice", 0xffffc70f91f0, 1023) = -1 EINVAL (Invalid argument) <0.000002>
7766  17:29:48.979942 readlinkat(AT_FDCWD, "/sys/fs/cgroup/user.slice/user-1000.slice/user@1000.service", 0xffffc70f91f0, 1023) = -1 EINVAL (Invalid argument) <0.000002>
7766  17:29:48.979949 readlinkat(AT_FDCWD, "/sys/fs/cgroup/user.slice/user-1000.slice/user@1000.service/app.slice", 0xffffc70f91f0, 1023) = -1 EINVAL (Invalid argument) <0.000002>
7766  17:29:48.979956 readlinkat(AT_FDCWD, "/sys/fs/cgroup/user.slice/user-1000.slice/user@1000.service/app.slice/cpu.max", 0xffffc70f91f0, 1023) = -1 EINVAL (Invalid argument) <0.000003>
7766  17:29:48.979965 faccessat(AT_FDCWD, "/usr/x86_64-linux-gnu/sys/fs/cgroup/user.slice/user-1000.slice/user@1000.service/app.slice/cpu.max", F_OK) = -1 ENOENT (No such file or directory) <0.000002>
7766  17:29:48.979972 openat(AT_FDCWD, "/sys/fs/cgroup/user.slice/user-1000.slice/user@1000.service/app.slice/cpu.max", O_RDONLY|O_CLOEXEC) = 3 <0.000007>
7766  17:29:48.979986 fcntl(3, F_SETFD, FD_CLOEXEC) = 0 <0.000001>
7766  17:29:48.980004 fstat(3, {st_mode=S_IFREG|0644, st_size=0, ...}) = 0 <0.000002>
7766  17:29:48.980013 lseek(3, 0, SEEK_CUR) = 0 <0.000002>
7766  17:29:48.980042 read(3, "max 100000\n", 32) = 11 <0.000003>
7766  17:29:48.980088 read(3, "", 9)    = 0 <0.000002>
7766  17:29:48.980158 close(3)          = 0 <0.000003>
7766  17:29:48.980368 readlinkat(AT_FDCWD, "/sys", 0xffffc70f91f0, 1023) = -1 EINVAL (Invalid argument) <0.000002>
7766  17:29:48.980376 readlinkat(AT_FDCWD, "/sys/fs", 0xffffc70f91f0, 1023) = -1 EINVAL (Invalid argument) <0.000002>
7766  17:29:48.980383 readlinkat(AT_FDCWD, "/sys/fs/cgroup", 0xffffc70f91f0, 1023) = -1 EINVAL (Invalid argument) <0.000002>
7766  17:29:48.980390 readlinkat(AT_FDCWD, "/sys/fs/cgroup/user.slice", 0xffffc70f91f0, 1023) = -1 EINVAL (Invalid argument) <0.000002>
7766  17:29:48.980397 readlinkat(AT_FDCWD, "/sys/fs/cgroup/user.slice/user-1000.slice", 0xffffc70f91f0, 1023) = -1 EINVAL (Invalid argument) <0.000002>
7766  17:29:48.980404 readlinkat(AT_FDCWD, "/sys/fs/cgroup/user.slice/user-1000.slice/user@1000.service", 0xffffc70f91f0, 1023) = -1 EINVAL (Invalid argument) <0.000002>
7766  17:29:48.980411 readlinkat(AT_FDCWD, "/sys/fs/cgroup/user.slice/user-1000.slice/user@1000.service/cpu.max", 0xffffc70f91f0, 1023) = -1 EINVAL (Invalid argument) <0.000003>
7766  17:29:48.980420 faccessat(AT_FDCWD, "/usr/x86_64-linux-gnu/sys/fs/cgroup/user.slice/user-1000.slice/user@1000.service/cpu.max", F_OK) = -1 ENOENT (No such file or directory) <0.000002>
7766  17:29:48.980427 openat(AT_FDCWD, "/sys/fs/cgroup/user.slice/user-1000.slice/user@1000.service/cpu.max", O_RDONLY|O_CLOEXEC) = 3 <0.000002>
7766  17:29:48.980435 fcntl(3, F_SETFD, FD_CLOEXEC) = 0 <0.000001>
7766  17:29:48.980442 fstat(3, {st_mode=S_IFREG|0644, st_size=0, ...}) = 0 <0.000002>
7766  17:29:48.980450 lseek(3, 0, SEEK_CUR) = 0 <0.000001>
7766  17:29:48.980456 read(3, "max 100000\n", 32) = 11 <0.000002>
7766  17:29:48.980464 read(3, "", 9)    = 0 <0.000001>
7766  17:29:48.980471 close(3)          = 0 <0.000002>
7766  17:29:48.980481 readlinkat(AT_FDCWD, "/sys", 0xffffc70f91f0, 1023) = -1 EINVAL (Invalid argument) <0.000002>
7766  17:29:48.980490 readlinkat(AT_FDCWD, "/sys/fs", 0xffffc70f91f0, 1023) = -1 EINVAL (Invalid argument) <0.000002>
7766  17:29:48.980497 readlinkat(AT_FDCWD, "/sys/fs/cgroup", 0xffffc70f91f0, 1023) = -1 EINVAL (Invalid argument) <0.000002>
7766  17:29:48.980504 readlinkat(AT_FDCWD, "/sys/fs/cgroup/user.slice", 0xffffc70f91f0, 1023) = -1 EINVAL (Invalid argument) <0.000002>
7766  17:29:48.980511 readlinkat(AT_FDCWD, "/sys/fs/cgroup/user.slice/user-1000.slice", 0xffffc70f91f0, 1023) = -1 EINVAL (Invalid argument) <0.000002>
7766  17:29:48.980518 readlinkat(AT_FDCWD, "/sys/fs/cgroup/user.slice/user-1000.slice/cpu.max", 0xffffc70f91f0, 1023) = -1 EINVAL (Invalid argument) <0.000003>
7766  17:29:48.980527 faccessat(AT_FDCWD, "/usr/x86_64-linux-gnu/sys/fs/cgroup/user.slice/user-1000.slice/cpu.max", F_OK) = -1 ENOENT (No such file or directory) <0.000001>
7766  17:29:48.980534 openat(AT_FDCWD, "/sys/fs/cgroup/user.slice/user-1000.slice/cpu.max", O_RDONLY|O_CLOEXEC) = 3 <0.000002>
7766  17:29:48.980542 fcntl(3, F_SETFD, FD_CLOEXEC) = 0 <0.000001>
7766  17:29:48.980549 fstat(3, {st_mode=S_IFREG|0644, st_size=0, ...}) = 0 <0.000002>
7766  17:29:48.980563 lseek(3, 0, SEEK_CUR) = 0 <0.000002>
7766  17:29:48.980570 read(3, "max 100000\n", 32) = 11 <0.000002>
7766  17:29:48.980578 read(3, "", 9)    = 0 <0.000001>
7766  17:29:48.980585 close(3)          = 0 <0.000002>
7766  17:29:48.980595 readlinkat(AT_FDCWD, "/sys", 0xffffc70f91f0, 1023) = -1 EINVAL (Invalid argument) <0.000002>
7766  17:29:48.980602 readlinkat(AT_FDCWD, "/sys/fs", 0xffffc70f91f0, 1023) = -1 EINVAL (Invalid argument) <0.000002>
7766  17:29:48.980609 readlinkat(AT_FDCWD, "/sys/fs/cgroup", 0xffffc70f91f0, 1023) = -1 EINVAL (Invalid argument) <0.000002>
7766  17:29:48.980616 readlinkat(AT_FDCWD, "/sys/fs/cgroup/user.slice", 0xffffc70f91f0, 1023) = -1 EINVAL (Invalid argument) <0.000002>
7766  17:29:48.980623 readlinkat(AT_FDCWD, "/sys/fs/cgroup/user.slice/cpu.max", 0xffffc70f91f0, 1023) = -1 EINVAL (Invalid argument) <0.000009>
7766  17:29:48.980638 faccessat(AT_FDCWD, "/usr/x86_64-linux-gnu/sys/fs/cgroup/user.slice/cpu.max", F_OK) = -1 ENOENT (No such file or directory) <0.000002>
7766  17:29:48.980645 openat(AT_FDCWD, "/sys/fs/cgroup/user.slice/cpu.max", O_RDONLY|O_CLOEXEC) = 3 <0.000007>
7766  17:29:48.980660 fcntl(3, F_SETFD, FD_CLOEXEC) = 0 <0.000001>
7766  17:29:48.980668 fstat(3, {st_mode=S_IFREG|0644, st_size=0, ...}) = 0 <0.000002>
7766  17:29:48.980676 lseek(3, 0, SEEK_CUR) = 0 <0.000001>
7766  17:29:48.980682 read(3, "max 100000\n", 32) = 11 <0.000002>
7766  17:29:48.980690 read(3, "", 9)    = 0 <0.000001>
7766  17:29:48.980697 close(3)          = 0 <0.000002>
7766  17:29:48.980711 readlinkat(AT_FDCWD, "/sys", 0xffffc70f91f0, 1023) = -1 EINVAL (Invalid argument) <0.000002>
7766  17:29:48.980719 readlinkat(AT_FDCWD, "/sys/fs", 0xffffc70f91f0, 1023) = -1 EINVAL (Invalid argument) <0.000002>
7766  17:29:48.980725 readlinkat(AT_FDCWD, "/sys/fs/cgroup", 0xffffc70f91f0, 1023) = -1 EINVAL (Invalid argument) <0.000002>
7766  17:29:48.980733 readlinkat(AT_FDCWD, "/sys/fs/cgroup/cpu.max", 0xffffc70f91f0, 1023) = -1 ENOENT (No such file or directory) <0.000002>
7766  17:29:48.980740 faccessat(AT_FDCWD, "/usr/x86_64-linux-gnu/sys/fs/cgroup/cpu.max", F_OK) = -1 ENOENT (No such file or directory) <0.000002>
7766  17:29:48.980748 openat(AT_FDCWD, "/sys/fs/cgroup/cpu.max", O_RDONLY|O_CLOEXEC) = -1 ENOENT (No such file or directory) <0.000002>
7766  17:29:48.980918 sched_getaffinity(0, 128, [0 1]) = 8 <0.000002>
7766  17:29:48.980991 futex(0xe75108ea8900, FUTEX_WAKE_PRIVATE, 2147483647) = 0 <0.000002>
7766  17:29:48.981116 epoll_create1(EPOLL_CLOEXEC) = 3 <0.000004>
7766  17:29:48.981144 eventfd2(0, EFD_CLOEXEC|EFD_NONBLOCK) = 4 <0.000003>
7766  17:29:48.981179 epoll_ctl(3, EPOLL_CTL_ADD, 4, {events=EPOLLIN|EPOLLRDHUP|EPOLLET, data=0}) = 0 <0.000004>
7766  17:29:48.981229 fcntl(3, F_DUPFD_CLOEXEC, 3) = 5 <0.000002>
7766  17:29:48.981246 fcntl(5, F_SETFD, FD_CLOEXEC) = 0 <0.000001>
7766  17:29:48.981305 mmap(NULL, 16384, PROT_READ|PROT_WRITE, MAP_PRIVATE|MAP_ANONYMOUS, -1, 0) = 0xe7510900a000 <0.000003>
7766  17:29:48.981456 socketpair(AF_UNIX, SOCK_STREAM|SOCK_CLOEXEC|SOCK_NONBLOCK, 0, [6, 7]) = 0 <0.000011>
7766  17:29:48.981601 mmap(NULL, 4096, PROT_READ|PROT_WRITE, MAP_PRIVATE|MAP_ANONYMOUS, -1, 0) = 0xe75109009000 <0.000002>
7766  17:29:48.981734 mmap(NULL, 4096, PROT_READ|PROT_WRITE, MAP_PRIVATE|MAP_ANONYMOUS, -1, 0) = 0xe75109008000 <0.000002>
7766  17:29:48.981751 mmap(NULL, 4096, PROT_READ|PROT_WRITE, MAP_PRIVATE|MAP_ANONYMOUS, -1, 0) = 0xe75109007000 <0.000002>
7766  17:29:48.981764 mmap(NULL, 4096, PROT_READ|PROT_WRITE, MAP_PRIVATE|MAP_ANONYMOUS, -1, 0) = 0xe75109006000 <0.000002>
7766  17:29:48.981777 mmap(NULL, 4096, PROT_READ|PROT_WRITE, MAP_PRIVATE|MAP_ANONYMOUS, -1, 0) = 0xe75109005000 <0.000002>
7766  17:29:48.981799 mmap(NULL, 4096, PROT_READ|PROT_WRITE, MAP_PRIVATE|MAP_ANONYMOUS, -1, 0) = 0xe75109004000 <0.000002>
7766  17:29:48.981814 mmap(NULL, 4096, PROT_READ|PROT_WRITE, MAP_PRIVATE|MAP_ANONYMOUS, -1, 0) = 0xe75109003000 <0.000002>
7766  17:29:48.981865 fcntl(6, F_DUPFD_CLOEXEC, 3) = 8 <0.000002>
7766  17:29:48.981871 fcntl(8, F_SETFD, FD_CLOEXEC) = 0 <0.000001>
7766  17:29:48.981886 epoll_ctl(5, EPOLL_CTL_ADD, 8, {events=EPOLLIN|EPOLLRDHUP|EPOLLET, data=0x1}) = 0 <0.000002>
7766  17:29:48.982290 mmap(NULL, 8192, PROT_READ|PROT_WRITE, MAP_PRIVATE|MAP_ANONYMOUS, -1, 0) = 0xe75109001000 <0.000002>
7766  17:29:48.982328 mmap(NULL, 8192, PROT_READ|PROT_WRITE, MAP_PRIVATE|MAP_ANONYMOUS, -1, 0) = 0xe75108fff000 <0.000002>
7766  17:29:48.982660 mmap(NULL, 4096, PROT_READ|PROT_WRITE, MAP_PRIVATE|MAP_ANONYMOUS, -1, 0) = 0xe75108ffe000 <0.000002>
7766  17:29:48.982692 mmap(NULL, 8192, PROT_READ|PROT_WRITE, MAP_PRIVATE|MAP_ANONYMOUS, -1, 0) = 0xe75108ffc000 <0.000002>
7766  17:29:48.984179 rt_sigprocmask(SIG_SETMASK, ~[RTMIN RT_1], NULL, 8) = 0 <0.000002>
7766  17:29:48.984190 rt_sigprocmask(SIG_SETMASK, ~[RTMIN RT_1], NULL, 8) = 0 <0.000001>
7766  17:29:48.984197 rt_sigprocmask(SIG_SETMASK, [], NULL, 8) = 0 <0.000001>
7766  17:29:48.984243 mmap(NULL, 2109440, PROT_NONE, MAP_PRIVATE|MAP_ANONYMOUS, -1, 0) = 0xe751077ec000 <0.000002>
7766  17:29:48.984258 mprotect(0xe751077ee000, 2101248, PROT_READ|PROT_WRITE) = 0 <0.000004>
7766  17:29:48.984306 rt_sigprocmask(SIG_SETMASK, ~[RTMIN RT_1], NULL, 8) = 0 <0.000001>
7766  17:29:48.984314 rt_sigprocmask(SIG_SETMASK, ~[RTMIN RT_1], NULL, 8) = 0 <0.000001>
7766  17:29:48.984321 rt_sigprocmask(SIG_SETMASK, ~[ABRT BUS KILL SEGV STOP RTMIN RT_1 RT_2 RT_4 RT_5 RT_6], NULL, 8) = 0 <0.000001>
7766  17:29:48.984484 mmap(NULL, 4096, PROT_READ|PROT_WRITE, MAP_PRIVATE|MAP_ANONYMOUS, -1, 0) = 0xe75108ffb000 <0.000002>
7766  17:29:48.984493 rt_sigprocmask(SIG_BLOCK, ~[RTMIN RT_1], ~[ABRT BUS KILL SEGV STOP RTMIN RT_1 RT_2 RT_4 RT_5 RT_6], 8) = 0 <0.000001>
7766  17:29:48.984501 mmap(NULL, 327680, PROT_READ|PROT_WRITE, MAP_PRIVATE|MAP_ANONYMOUS|MAP_STACK, -1, 0) = 0xe75108fab000 <0.000004>
7766  17:29:48.984510 madvise(0xe75108fab000, 65536, MADV_GUARD_INSTALL) = 0 <0.000004>
7766  17:29:48.984520 rt_sigprocmask(SIG_BLOCK, ~[], ~[KILL STOP RTMIN RT_1], 8) = 0 <0.000001>
7766  17:29:48.984529 clone3({flags=CLONE_VM|CLONE_FS|CLONE_FILES|CLONE_SIGHAND|CLONE_THREAD|CLONE_SYSVSEM|CLONE_SETTLS|CLONE_PARENT_SETTID|CLONE_CHILD_CLEARTID, child_tid=0xe75108ffa7c8, parent_tid=0xe75108ffa470, exit_signal=0, stack=0xe75108fab000, stack_size=0x4ec80, tls=0xe75108ffaac0} => {parent_tid=[7768]}, 88) = 7768 <0.000044>
7766  17:29:48.984584 rt_sigprocmask(SIG_SETMASK, ~[KILL STOP RTMIN RT_1], NULL, 8) = 0 <0.000001>
7766  17:29:48.984592 rt_sigprocmask(SIG_SETMASK, ~[ABRT BUS KILL SEGV STOP RTMIN RT_1 RT_2 RT_4 RT_5 RT_6], NULL, 8) = 0 <0.000001>
7766  17:29:48.984599 futex(0xffffc70fa5f8, FUTEX_WAIT_BITSET_PRIVATE|FUTEX_CLOCK_REALTIME, 0, NULL, FUTEX_BITSET_MATCH_ANY <unfinished ...>
7768  17:29:48.984616 rseq(0xe75108ffac80, 0x21, 0, 0xd428bc00) = 0 <0.000002>
7768  17:29:48.984623 set_robust_list(0xe75108ffa480, 24) = 0 <0.000001>
7768  17:29:48.984629 rt_sigprocmask(SIG_SETMASK, ~[KILL STOP RTMIN RT_1], NULL, 8) = 0 <0.000002>
7768  17:29:48.984641 gettid()          = 7768 <0.000001>
7768  17:29:48.984647 gettid()          = 7768 <0.000001>
7768  17:29:48.984653 rt_sigprocmask(SIG_SETMASK, ~[ABRT BUS KILL SEGV STOP RTMIN RT_1 RT_2 RT_4 RT_5 RT_6], NULL, 8) = 0 <0.000001>
7768  17:29:48.984659 futex(0xffffc70fa5f8, FUTEX_WAKE_PRIVATE, 2147483647) = 1 <0.000002>
7766  17:29:48.984666 <... futex resumed>) = 0 <0.000064>
7768  17:29:48.984670 futex(0xe75108ea7808, FUTEX_WAIT_PRIVATE, 2, NULL <unfinished ...>
7766  17:29:48.984674 futex(0xffffc70fa5a8, FUTEX_WAKE_PRIVATE, 1) = 0 <0.000002>
7766  17:29:48.984680 futex(0xe75108ea7808, FUTEX_WAKE_PRIVATE, 1) = 1 <0.000002>
7768  17:29:48.984687 <... futex resumed>) = 0 <0.000014>
7766  17:29:48.984719 futex(0xe75108ea8900, FUTEX_WAKE_PRIVATE, 2147483647 <unfinished ...>
7768  17:29:48.984723 futex(0xe75108ea7808, FUTEX_WAKE_PRIVATE, 1) = 0 <0.000001>
7768  17:29:48.984729 futex(0xe75108ea6f40, FUTEX_WAIT_PRIVATE, 2, NULL <unfinished ...>
7766  17:29:48.984733 <... futex resumed>) = 0 <0.000012>
7766  17:29:48.984742 futex(0xe75108ea6f40, FUTEX_WAKE_PRIVATE, 1) = 1 <0.000003>
7768  17:29:48.984748 <... futex resumed>) = 0 <0.000017>
7768  17:29:48.984756 mmap(0xe75104000000, 67108864, PROT_NONE, MAP_PRIVATE|MAP_ANONYMOUS, -1, 0) = 0xe750f4000000 <0.000004>
7768  17:29:48.984765 mprotect(0xe750f4000000, 2097152, PROT_READ|PROT_WRITE) = 0 <0.000004>
7766  17:29:48.984774 futex(0xe75108ea6f40, FUTEX_WAIT_PRIVATE, 2, NULL <unfinished ...>
7768  17:29:48.984778 madvise(0xe750f4000000, 2097152, MADV_HUGEPAGE) = 0 <0.000003>
7768  17:29:48.985107 futex(0xe75108ea6f40, FUTEX_WAKE_PRIVATE, 1) = 1 <0.000002>
7766  17:29:48.985115 <... futex resumed>) = 0 <0.000339>
7766  17:29:48.985134 futex(0xe75108ea6f40, FUTEX_WAKE_PRIVATE, 1 <unfinished ...>
7768  17:29:48.985136 rt_sigprocmask(SIG_SETMASK, ~[RTMIN RT_1] <unfinished ...>
7766  17:29:48.985141 <... futex resumed>) = 0 <0.000005>
7766  17:29:48.985152 rt_sigprocmask(SIG_SETMASK, ~[RTMIN RT_1], NULL, 8) = 0 <0.000002>
7768  17:29:48.985160 <... rt_sigprocmask resumed>, NULL, 8) = 0 <0.000020>
7766  17:29:48.985164 rt_sigprocmask(SIG_SETMASK, ~[RTMIN RT_1] <unfinished ...>
7768  17:29:48.985167 rt_sigprocmask(SIG_SETMASK, ~[RTMIN RT_1] <unfinished ...>
7766  17:29:48.985171 <... rt_sigprocmask resumed>, NULL, 8) = 0 <0.000005>
7768  17:29:48.985174 <... rt_sigprocmask resumed>, NULL, 8) = 0 <0.000004>
7766  17:29:48.985177 rt_sigprocmask(SIG_SETMASK, [] <unfinished ...>
7768  17:29:48.985180 rt_sigprocmask(SIG_SETMASK, [] <unfinished ...>
7766  17:29:48.985183 <... rt_sigprocmask resumed>, NULL, 8) = 0 <0.000004>
7766  17:29:48.985204 futex(0xe75108ea8900, FUTEX_WAKE_PRIVATE, 2147483647 <unfinished ...>
7768  17:29:48.985207 <... rt_sigprocmask resumed>, NULL, 8) = 0 <0.000024>
7768  17:29:48.985211 futex(0xe75108ea6f40, FUTEX_WAIT_PRIVATE, 2, NULL <unfinished ...>
7766  17:29:48.985215 <... futex resumed>) = 0 <0.000008>
7766  17:29:48.985224 futex(0xe75108ea6f40, FUTEX_WAKE_PRIVATE, 1) = 1 <0.000002>
7768  17:29:48.985230 <... futex resumed>) = 0 <0.000018>
7768  17:29:48.985238 futex(0xe75108ea6f40, FUTEX_WAKE_PRIVATE, 1 <unfinished ...>
7766  17:29:48.985279 futex(0xe75108ea8900, FUTEX_WAKE_PRIVATE, 2147483647 <unfinished ...>
7768  17:29:48.985281 <... futex resumed>) = 0 <0.000041>
7768  17:29:48.985285 futex(0xe75108ea6f40, FUTEX_WAIT_PRIVATE, 2, NULL <unfinished ...>
7766  17:29:48.985289 <... futex resumed>) = 0 <0.000008>
7766  17:29:48.985300 futex(0xe75108ea6f40, FUTEX_WAKE_PRIVATE, 1) = 1 <0.000002>
7768  17:29:48.985306 <... futex resumed>) = 0 <0.000019>
7768  17:29:48.985318 futex(0xe75108ea6f40, FUTEX_WAKE_PRIVATE, 1) = 0 <0.000001>
7766  17:29:48.985487 futex(0xe75108ea6f40, FUTEX_WAIT_PRIVATE, 2, NULL <unfinished ...>
7768  17:29:48.985490 mmap(NULL, 12288, PROT_READ|PROT_WRITE, MAP_PRIVATE|MAP_ANONYMOUS, -1, 0) = 0xe75108fa8000 <0.000003>
7768  17:29:48.985498 futex(0xe75108ea6f40, FUTEX_WAKE_PRIVATE, 1) = 1 <0.000002>
7766  17:29:48.985504 <... futex resumed>) = 0 <0.000015>
7766  17:29:48.985512 futex(0xe75108ea6f40, FUTEX_WAKE_PRIVATE, 1) = 0 <0.000003>
7766  17:29:48.985878 futex(0xe75108ea8900, FUTEX_WAKE_PRIVATE, 2147483647 <unfinished ...>
7768  17:29:48.985881 futex(0xe75108ea6f40, FUTEX_WAIT_PRIVATE, 2, NULL <unfinished ...>
7766  17:29:48.985886 <... futex resumed>) = 0 <0.000004>
7766  17:29:48.985894 futex(0xe75108ea6f40, FUTEX_WAKE_PRIVATE, 1) = 1 <0.000002>
7768  17:29:48.985901 <... futex resumed>) = 0 <0.000017>
7768  17:29:48.985908 futex(0xe75108ea6f40, FUTEX_WAKE_PRIVATE, 1) = 0 <0.000001>
7768  17:29:48.985932 mprotect(0xe75108fa8000, 4096, PROT_NONE) = 0 <0.000003>
7768  17:29:48.986104 prctl(PR_SET_NAME, "tokio-runtime-w"...) = 0 <0.000003>
7768  17:29:48.986264 futex(0x55555563ec68, FUTEX_WAIT_PRIVATE, 2147483650, NULL <unfinished ...>
7766  17:29:48.986272 futex(0x55555563ec68, FUTEX_WAKE_PRIVATE, 1) = 0 <0.000001>
7766  17:29:48.986464 futex(0xe75108ea8900, FUTEX_WAKE_PRIVATE, 2147483647 <unfinished ...>
7768  17:29:48.986468 <... futex resumed>) = -1 EAGAIN (Resource temporarily unavailable) <0.000202>
7768  17:29:48.986473 futex(0xe75108ea6f40, FUTEX_WAIT_PRIVATE, 2, NULL <unfinished ...>
7766  17:29:48.986477 <... futex resumed>) = 0 <0.000010>
7766  17:29:48.986481 futex(0xe75108ea8900, FUTEX_WAKE_PRIVATE, 2147483647) = 0 <0.000001>
7766  17:29:48.986505 futex(0xe75108ea6f40, FUTEX_WAKE_PRIVATE, 1) = 1 <0.000002>
7768  17:29:48.986511 <... futex resumed>) = 0 <0.000036>
7768  17:29:48.986518 futex(0xe75108ea6f40, FUTEX_WAKE_PRIVATE, 1) = 0 <0.000001>
7768  17:29:48.986688 futex(0xe75108ea8900, FUTEX_WAKE_PRIVATE, 2147483647 <unfinished ...>
7766  17:29:48.986693 futex(0xe75108ea6f40, FUTEX_WAIT_PRIVATE, 2, NULL <unfinished ...>
7768  17:29:48.986697 <... futex resumed>) = 0 <0.000006>
7768  17:29:48.986706 futex(0xe75108ea6f40, FUTEX_WAKE_PRIVATE, 1) = 1 <0.000002>
7766  17:29:48.986712 <... futex resumed>) = 0 <0.000017>
7766  17:29:48.986721 futex(0xe75108ea6f40, FUTEX_WAKE_PRIVATE, 1) = 0 <0.000001>
7766  17:29:48.986780 futex(0xe75108ea8900, FUTEX_WAKE_PRIVATE, 2147483647) = 0 <0.000002>
7766  17:29:48.986816 futex(0xe75108ea8900, FUTEX_WAKE_PRIVATE, 2147483647) = 0 <0.000001>
7766  17:29:48.987108 mmap(NULL, 4096, PROT_READ|PROT_WRITE, MAP_PRIVATE|MAP_ANONYMOUS, -1, 0 <unfinished ...>
7768  17:29:48.987113 futex(0xe75108ea6f40, FUTEX_WAIT_PRIVATE, 2, NULL <unfinished ...>
7766  17:29:48.987118 <... mmap resumed>) = 0xe75108fa7000 <0.000008>
7766  17:29:48.987122 futex(0xe75108ea6f40, FUTEX_WAKE_PRIVATE, 1) = 1 <0.000002>
7768  17:29:48.987128 <... futex resumed>) = 0 <0.000014>
7768  17:29:48.987140 futex(0xe75108ea6f40, FUTEX_WAKE_PRIVATE, 1) = 0 <0.000001>
7768  17:29:48.987286 futex(0xe75108ea8900, FUTEX_WAKE_PRIVATE, 2147483647) = 0 <0.000002>
7768  17:29:48.987400 futex(0xe75108ea8900, FUTEX_WAKE_PRIVATE, 2147483647 <unfinished ...>
7766  17:29:48.987404 futex(0xe75108ea6f40, FUTEX_WAIT_PRIVATE, 2, NULL <unfinished ...>
7768  17:29:48.987408 <... futex resumed>) = 0 <0.000006>
7768  17:29:48.987417 futex(0xe75108ea6f40, FUTEX_WAKE_PRIVATE, 1) = 1 <0.000002>
7766  17:29:48.987423 <... futex resumed>) = 0 <0.000017>
7768  17:29:48.987512 getrandom( <unfinished ...>
7766  17:29:48.987520 futex(0xe75108ea6f40, FUTEX_WAKE_PRIVATE, 1) = 0 <0.000001>
7766  17:29:48.988477 mmap(NULL, 2109440, PROT_NONE, MAP_PRIVATE|MAP_ANONYMOUS, -1, 0 <unfinished ...>
7768  17:29:48.988482 <... getrandom resumed>"\x31\xa6\xf0\x71\xb8\x23\xd4\xfe\x6b\x8c\xbe\xe5\xe9\xe8\x31\xe5", 16, GRND_INSECURE) = 16 <0.000967>
7768  17:29:48.988489 futex(0xe75108ea6f40, FUTEX_WAIT_PRIVATE, 2, NULL <unfinished ...>
7766  17:29:48.988494 <... mmap resumed>) = 0xe751075e9000 <0.000012>
7766  17:29:48.988498 futex(0xe75108ea6f40, FUTEX_WAKE_PRIVATE, 1) = 1 <0.000002>
7768  17:29:48.988504 <... futex resumed>) = 0 <0.000014>
7768  17:29:48.988511 futex(0xe75108ea6f40, FUTEX_WAKE_PRIVATE, 1) = 0 <0.000001>
7768  17:29:48.988696 futex(0xe75108ea8900, FUTEX_WAKE_PRIVATE, 2147483647) = 0 <0.000002>
7768  17:29:48.989166 epoll_pwait(3 <unfinished ...>
7766  17:29:48.989180 mprotect(0xe751075eb000, 2101248, PROT_READ|PROT_WRITE) = 0 <0.000003>
7766  17:29:48.989315 rt_sigprocmask(SIG_SETMASK, ~[RTMIN RT_1], NULL, 8) = 0 <0.000002>
7766  17:29:48.989330 rt_sigprocmask(SIG_SETMASK, ~[RTMIN RT_1], NULL, 8) = 0 <0.000001>
7766  17:29:48.989337 rt_sigprocmask(SIG_SETMASK, ~[ABRT BUS KILL SEGV STOP RTMIN RT_1 RT_2 RT_4 RT_5 RT_6], NULL, 8) = 0 <0.000001>
7766  17:29:48.989436 mmap(NULL, 4096, PROT_READ|PROT_WRITE, MAP_PRIVATE|MAP_ANONYMOUS, -1, 0) = 0xe75108fa6000 <0.000003>
7766  17:29:48.989448 rt_sigprocmask(SIG_BLOCK, ~[RTMIN RT_1], ~[ABRT BUS KILL SEGV STOP RTMIN RT_1 RT_2 RT_4 RT_5 RT_6], 8) = 0 <0.000001>
7766  17:29:48.989456 mmap(NULL, 327680, PROT_READ|PROT_WRITE, MAP_PRIVATE|MAP_ANONYMOUS|MAP_STACK, -1, 0) = 0xe75108f56000 <0.000003>
7766  17:29:48.989464 madvise(0xe75108f56000, 65536, MADV_GUARD_INSTALL) = 0 <0.000005>
7766  17:29:48.989569 rt_sigprocmask(SIG_BLOCK, ~[], ~[KILL STOP RTMIN RT_1], 8) = 0 <0.000002>
7766  17:29:48.989581 clone3({flags=CLONE_VM|CLONE_FS|CLONE_FILES|CLONE_SIGHAND|CLONE_THREAD|CLONE_SYSVSEM|CLONE_SETTLS|CLONE_PARENT_SETTID|CLONE_CHILD_CLEARTID, child_tid=0xe75108fa57c8, parent_tid=0xe75108fa5470, exit_signal=0, stack=0xe75108f56000, stack_size=0x4ec80, tls=0xe75108fa5ac0} => {parent_tid=[7769]}, 88) = 7769 <0.000061>
7769  17:29:48.989776 rseq(0xe75108fa5c80, 0x21, 0, 0xd428bc00 <unfinished ...>
7766  17:29:48.989782 rt_sigprocmask(SIG_SETMASK, ~[KILL STOP RTMIN RT_1], NULL, 8) = 0 <0.000001>
7766  17:29:48.989789 rt_sigprocmask(SIG_SETMASK, ~[ABRT BUS KILL SEGV STOP RTMIN RT_1 RT_2 RT_4 RT_5 RT_6], NULL, 8) = 0 <0.000001>
7766  17:29:48.989797 futex(0xffffc70fa5f8, FUTEX_WAIT_BITSET_PRIVATE|FUTEX_CLOCK_REALTIME, 0, NULL, FUTEX_BITSET_MATCH_ANY <unfinished ...>
7769  17:29:48.989803 <... rseq resumed>) = 0 <0.000023>
7769  17:29:48.989808 set_robust_list(0xe75108fa5480, 24) = 0 <0.000001>
7769  17:29:48.989813 rt_sigprocmask(SIG_SETMASK, ~[KILL STOP RTMIN RT_1], NULL, 8) = 0 <0.000001>
7769  17:29:48.989820 gettid()          = 7769 <0.000001>
7769  17:29:48.989826 gettid()          = 7769 <0.000001>
7769  17:29:48.989832 rt_sigprocmask(SIG_SETMASK, ~[ABRT BUS KILL SEGV STOP RTMIN RT_1 RT_2 RT_4 RT_5 RT_6], NULL, 8) = 0 <0.000001>
7769  17:29:48.989839 futex(0xffffc70fa5f8, FUTEX_WAKE_PRIVATE, 2147483647) = 1 <0.000002>
7766  17:29:48.989845 <... futex resumed>) = 0 <0.000045>
7766  17:29:48.989848 futex(0xffffc70fa5a8, FUTEX_WAIT_PRIVATE, 2, NULL <unfinished ...>
7769  17:29:48.989852 futex(0xffffc70fa5a8, FUTEX_WAKE_PRIVATE, 1) = 1 <0.000002>
7766  17:29:48.989858 <... futex resumed>) = 0 <0.000008>
7766  17:29:48.989862 futex(0xffffc70fa5a8, FUTEX_WAKE_PRIVATE, 1) = 0 <0.000001>
7766  17:29:48.989872 rt_sigprocmask(SIG_SETMASK, ~[RTMIN RT_1], NULL, 8) = 0 <0.000001>
7766  17:29:48.989879 rt_sigprocmask(SIG_SETMASK, ~[RTMIN RT_1], NULL, 8) = 0 <0.000001>
7766  17:29:48.989885 rt_sigprocmask(SIG_SETMASK, [], NULL, 8) = 0 <0.000001>
7766  17:29:48.990353 getcwd( <unfinished ...>
7769  17:29:48.990358 rt_sigprocmask(SIG_SETMASK, ~[RTMIN RT_1], NULL, 8) = 0 <0.000001>
7769  17:29:48.990365 rt_sigprocmask(SIG_SETMASK, ~[RTMIN RT_1], NULL, 8) = 0 <0.000001>
7769  17:29:48.990371 rt_sigprocmask(SIG_SETMASK, [], NULL, 8) = 0 <0.000001>
7769  17:29:48.990381 mmap(NULL, 12288, PROT_READ|PROT_WRITE, MAP_PRIVATE|MAP_ANONYMOUS, -1, 0) = 0xe75108f53000 <0.000004>
7769  17:29:48.990391 mmap(NULL, 134217728, PROT_NONE, MAP_PRIVATE|MAP_ANONYMOUS, -1, 0) = 0xe750ec000000 <0.000003>
7769  17:29:48.990398 munmap(0xe750f0000000, 67108864) = 0 <0.000005>
7769  17:29:48.990408 mprotect(0xe750ec000000, 2097152, PROT_READ|PROT_WRITE) = 0 <0.000002>
7769  17:29:48.990415 madvise(0xe750ec000000, 2097152, MADV_HUGEPAGE) = 0 <0.000002>
7769  17:29:48.990687 mprotect(0xe75108f53000, 4096, PROT_NONE) = 0 <0.000003>
7769  17:29:48.990700 prctl(PR_SET_NAME, "tokio-runtime-w"...) = 0 <0.000002>
7769  17:29:48.990717 getrandom("\xf5\xdb\xc5\xc5\xc9\x1e\x1f\xe3\x88\x48\xa9\xb9\x48\xf9\x3d\xff", 16, GRND_INSECURE) = 16 <0.000002>
7769  17:29:48.990854 mmap(NULL, 4096, PROT_READ|PROT_WRITE, MAP_PRIVATE|MAP_ANONYMOUS, -1, 0 <unfinished ...>
7766  17:29:48.990860 <... getcwd resumed>"/home/jie-min/ransomware_pipeline", 512) = 34 <0.000505>
7766  17:29:48.990870 futex(0xe75108ea6f40, FUTEX_WAIT_PRIVATE, 2, NULL <unfinished ...>
7769  17:29:48.990875 <... mmap resumed>) = 0xe75108f52000 <0.000018>
7769  17:29:48.990879 futex(0xe75108ea6f40, FUTEX_WAKE_PRIVATE, 1) = 1 <0.000002>
7766  17:29:48.990885 <... futex resumed>) = 0 <0.000013>
7766  17:29:48.990892 futex(0xe75108ea6f40, FUTEX_WAKE_PRIVATE, 1) = 0 <0.000001>
7766  17:29:48.990964 futex(0x55555563ec68, FUTEX_WAIT_PRIVATE, 2147483650, NULL <unfinished ...>
7769  17:29:48.990971 futex(0x55555563ec68, FUTEX_WAKE_PRIVATE, 1 <unfinished ...>
7766  17:29:48.990975 <... futex resumed>) = -1 EAGAIN (Resource temporarily unavailable) <0.000008>
7766  17:29:48.991107 readlinkat(AT_FDCWD, "/home" <unfinished ...>
7769  17:29:48.991114 <... futex resumed>) = 0 <0.000140>
7769  17:29:48.991342 futex(0xe751077ebab0, FUTEX_WAIT_PRIVATE, 1, NULL <unfinished ...>
7766  17:29:48.991346 <... readlinkat resumed>, 0xffffc70f91f0, 1023) = -1 EINVAL (Invalid argument) <0.000235>
7766  17:29:48.991351 readlinkat(AT_FDCWD, "/home/jie-min", 0xffffc70f91f0, 1023) = -1 EINVAL (Invalid argument) <0.000002>
7766  17:29:48.991358 readlinkat(AT_FDCWD, "/home/jie-min/ransomware_pipeline", 0xffffc70f91f0, 1023) = -1 EINVAL (Invalid argument) <0.000002>
7766  17:29:48.991367 faccessat(AT_FDCWD, "/usr/x86_64-linux-gnu/home/jie-min/ransomware_pipeline", F_OK) = -1 ENOENT (No such file or directory) <0.000007>
7766  17:29:48.991382 openat(AT_FDCWD, "/home/jie-min/ransomware_pipeline", O_RDONLY|O_CLOEXEC|O_DIRECTORY) = 9 <0.000004>
7766  17:29:48.991408 fcntl(9, F_SETFD, FD_CLOEXEC) = 0 <0.000002>
7766  17:29:48.991631 getdents64(9, 0xaaaabdb5c870 /* 12 entries */, 2048) = 384 <0.000011>
7766  17:29:48.991970 mmap(NULL, 4096, PROT_READ|PROT_WRITE, MAP_PRIVATE|MAP_ANONYMOUS, -1, 0) = 0xe75108f51000 <0.000002>
7766  17:29:48.992129 munmap(0xe75108f51000, 4096) = 0 <0.000004>
7766  17:29:48.992176 mmap(NULL, 4096, PROT_READ|PROT_WRITE, MAP_PRIVATE|MAP_ANONYMOUS, -1, 0) = 0xe75108f51000 <0.000002>
7766  17:29:48.992235 munmap(0xe75108f51000, 4096) = 0 <0.000004>
7766  17:29:48.992250 mmap(NULL, 4096, PROT_READ|PROT_WRITE, MAP_PRIVATE|MAP_ANONYMOUS, -1, 0) = 0xe75108f51000 <0.000002>
7766  17:29:48.992264 munmap(0xe75108f51000, 4096) = 0 <0.000003>
7766  17:29:48.992273 mmap(NULL, 4096, PROT_READ|PROT_WRITE, MAP_PRIVATE|MAP_ANONYMOUS, -1, 0) = 0xe75108f51000 <0.000002>
7766  17:29:48.992286 munmap(0xe75108f51000, 4096) = 0 <0.000003>
7766  17:29:48.992295 mmap(NULL, 4096, PROT_READ|PROT_WRITE, MAP_PRIVATE|MAP_ANONYMOUS, -1, 0) = 0xe75108f51000 <0.000002>
7766  17:29:48.992351 munmap(0xe75108f51000, 4096) = 0 <0.000004>
7766  17:29:48.992415 mmap(NULL, 4096, PROT_READ|PROT_WRITE, MAP_PRIVATE|MAP_ANONYMOUS, -1, 0) = 0xe75108f51000 <0.000002>
7766  17:29:48.992429 munmap(0xe75108f51000, 4096) = 0 <0.000004>
7766  17:29:48.992439 mmap(NULL, 4096, PROT_READ|PROT_WRITE, MAP_PRIVATE|MAP_ANONYMOUS, -1, 0) = 0xe75108f51000 <0.000002>
7766  17:29:48.992450 munmap(0xe75108f51000, 4096) = 0 <0.000003>
7766  17:29:48.992458 getdents64(9, 0xaaaabdb5e5a0 /* 0 entries */, 2048) = 0 <0.000002>
7766  17:29:48.992518 close(9)          = 0 <0.000004>
7766  17:29:48.992585 mmap(NULL, 4096, PROT_READ|PROT_WRITE, MAP_PRIVATE|MAP_ANONYMOUS, -1, 0) = 0xe75108f51000 <0.000002>
7766  17:29:48.992643 munmap(0xe75108f51000, 4096) = 0 <0.000003>
7766  17:29:48.993017 mmap(NULL, 4096, PROT_READ|PROT_WRITE, MAP_PRIVATE|MAP_ANONYMOUS, -1, 0) = 0xe75108f51000 <0.000002>
7766  17:29:48.994981 rt_sigprocmask(SIG_SETMASK, ~[RTMIN RT_1], NULL, 8) = 0 <0.000002>
7766  17:29:48.994991 rt_sigprocmask(SIG_SETMASK, ~[RTMIN RT_1], NULL, 8) = 0 <0.000001>
7766  17:29:48.994998 rt_sigprocmask(SIG_SETMASK, ~[ABRT BUS KILL SEGV STOP RTMIN RT_1 RT_2], NULL, 8) = 0 <0.000001>
7766  17:29:48.995028 pipe2([9, 10], O_CLOEXEC) = 0 <0.000006>
7766  17:29:48.995059 rt_sigprocmask(SIG_SETMASK, ~[RTMIN RT_1], NULL, 8) = 0 <0.000002>
7766  17:29:48.995068 rt_sigprocmask(SIG_BLOCK, ~[], ~[KILL STOP RTMIN RT_1], 8) = 0 <0.000001>
7766  17:29:48.995075 clone(child_stack=NULL, flags=CLONE_CHILD_CLEARTID|CLONE_CHILD_SETTID|SIGCHLD, child_tidptr=0xaaaabd9c60f0) = 7770 <0.000067>
7766  17:29:48.995204 rt_sigprocmask(SIG_SETMASK, ~[KILL STOP RTMIN RT_1], NULL, 8) = 0 <0.000002>
7766  17:29:48.995245 rt_sigprocmask(SIG_SETMASK, ~[RTMIN RT_1], NULL, 8) = 0 <0.000001>
7766  17:29:48.995255 rt_sigprocmask(SIG_SETMASK, ~[ABRT BUS KILL SEGV STOP RTMIN RT_1 RT_2], NULL, 8) = 0 <0.000001>
7766  17:29:48.995292 close(10)         = 0 <0.000002>
7766  17:29:48.995443 read(9 <unfinished ...>
7770  17:29:48.995658 set_robust_list(0xaaaabd9c6100, 24) = 0 <0.000023>
7770  17:29:48.995723 rt_sigprocmask(SIG_SETMASK, ~[KILL STOP RTMIN RT_1], NULL, 8) = 0 <0.000071>
7770  17:29:48.995855 rt_sigprocmask(SIG_SETMASK, ~[ILL FPE SEGV RTMIN RT_1], ~[KILL STOP RTMIN RT_1], 8) = 0 <0.000029>
7770  17:29:48.995930 mmap(NULL, 8454144, PROT_READ|PROT_WRITE, MAP_PRIVATE|MAP_ANONYMOUS|MAP_STACK, -1, 0) = 0xe75106dd9000 <0.000027>
7770  17:29:48.995992 madvise(0xe75106dd9000, 65536, MADV_GUARD_INSTALL) = 0 <0.000024>
7770  17:29:48.996057 rt_sigprocmask(SIG_BLOCK, ~[], ~[ILL FPE KILL SEGV STOP RTMIN RT_1], 8) = 0 <0.000021>
7770  17:29:48.996119 clone3({flags=CLONE_VM|CLONE_FS|CLONE_FILES|CLONE_SIGHAND|CLONE_THREAD|CLONE_SYSVSEM|CLONE_SETTLS|CLONE_PARENT_SETTID|CLONE_CHILD_CLEARTID, child_tid=0xe751075e87c8, parent_tid=0xe751075e8470, exit_signal=0, stack=0xe75106dd9000, stack_size=0x80ec80, tls=0xe751075e8ac0} => {parent_tid=[7771]}, 88) = 7771 <0.000045>
7771  17:29:48.996180 rseq(0xe751075e8c80, 0x21, 0, 0xd428bc00) = 0 <0.000002>
7771  17:29:48.996189 set_robust_list(0xe751075e8480, 24 <unfinished ...>
7770  17:29:48.996192 rt_sigprocmask(SIG_SETMASK, ~[ILL FPE KILL SEGV STOP RTMIN RT_1] <unfinished ...>
7771  17:29:48.996197 <... set_robust_list resumed>) = 0 <0.000006>
7770  17:29:48.996199 <... rt_sigprocmask resumed>, NULL, 8) = 0 <0.000005>
7771  17:29:48.996203 rt_sigprocmask(SIG_SETMASK, ~[ILL FPE KILL SEGV STOP RTMIN RT_1], NULL, 8) = 0 <0.000002>
7771  17:29:48.996213 futex(0xe75108ea80a0, FUTEX_WAIT, 4294967295, NULL <unfinished ...>
7770  17:29:48.996216 rt_sigprocmask(SIG_SETMASK, ~[KILL STOP RTMIN RT_1], NULL, 8) = 0 <0.000003>
7770  17:29:48.996265 gettid()          = 7770 <0.000077>
7770  17:29:48.996371 rt_sigprocmask(SIG_SETMASK, ~[RTMIN RT_1], NULL, 8) = 0 <0.000070>
7770  17:29:48.996475 rt_sigprocmask(SIG_SETMASK, ~[ABRT BUS KILL SEGV STOP RTMIN RT_1 RT_2], NULL, 8) = 0 <0.000081>
7770  17:29:48.996671 close(9)          = 0 <0.000076>
7770  17:29:48.997013 rt_sigprocmask(SIG_SETMASK, ~[RTMIN RT_1], NULL, 8) = 0 <0.000030>
7770  17:29:48.997127 rt_sigprocmask(SIG_SETMASK, ~[RTMIN RT_1], NULL, 8) = 0 <0.000028>
7770  17:29:48.997193 rt_sigprocmask(SIG_SETMASK, ~[ABRT BUS KILL SEGV STOP RTMIN RT_1 RT_2], NULL, 8) = 0 <0.000021>
7770  17:29:48.997316 rt_sigprocmask(SIG_SETMASK, ~[RTMIN RT_1], NULL, 8) = 0 <0.000034>
7770  17:29:48.997390 rt_sigprocmask(SIG_SETMASK, ~[RTMIN RT_1], NULL, 8) = 0 <0.000041>
7770  17:29:48.997464 rt_sigprocmask(SIG_SETMASK, ~[ABRT BUS KILL SEGV STOP RTMIN RT_1 RT_2], NULL, 8) = 0 <0.000025>
7770  17:29:48.997531 rt_sigprocmask(SIG_SETMASK, ~[RTMIN RT_1], NULL, 8) = 0 <0.000031>
7770  17:29:48.997582 rt_sigprocmask(SIG_SETMASK, ~[RTMIN RT_1], NULL, 8) = 0 <0.000082>
7770  17:29:48.997713 rt_sigprocmask(SIG_SETMASK, ~[ABRT BUS KILL SEGV STOP RTMIN RT_1 RT_2], NULL, 8) = 0 <0.000021>
7770  17:29:48.997823 rt_sigprocmask(SIG_SETMASK, ~[RTMIN RT_1], NULL, 8) = 0 <0.000024>
7770  17:29:48.997883 rt_sigprocmask(SIG_SETMASK, ~[RTMIN RT_1], NULL, 8) = 0 <0.000033>
7770  17:29:48.997953 rt_sigprocmask(SIG_SETMASK, ~[ABRT BUS KILL SEGV STOP RTMIN RT_1 RT_2], NULL, 8) = 0 <0.000025>
7770  17:29:48.998064 rt_sigprocmask(SIG_SETMASK, ~[RTMIN RT_1], NULL, 8) = 0 <0.000089>
7770  17:29:48.998183 rt_sigaction(SIGPIPE, {sa_handler=SIG_DFL, sa_mask=~[RTMIN RT_1], sa_flags=SA_SIGINFO}, NULL, 8) = 0 <0.000023>
7770  17:29:48.998247 rt_sigprocmask(SIG_SETMASK, ~[RTMIN RT_1], NULL, 8) = 0 <0.000037>
7770  17:29:48.998318 rt_sigprocmask(SIG_SETMASK, ~[ABRT BUS KILL SEGV STOP RTMIN RT_1 RT_2], NULL, 8) = 0 <0.000008>
7770  17:29:48.998412 fcntl(10, F_SETFD, FD_CLOEXEC) = 0 <0.000028>
7770  17:29:48.998487 rt_sigprocmask(SIG_SETMASK, ~[RTMIN RT_1], NULL, 8) = 0 <0.000087>
7770  17:29:48.998605 rt_sigprocmask(SIG_SETMASK, ~[RTMIN RT_1], NULL, 8) = 0 <0.000075>
7770  17:29:48.998714 rt_sigprocmask(SIG_SETMASK, [], NULL, 8) = 0 <0.000028>
7770  17:29:48.999260 execve("/usr/local/sbin/sh", ["sh", "-c", "sleep 5 && dd if=/dev/urandom of=e5834b7bdd70ec904470d541713e38fe933e96a4e49f80dbfb25148d9674f957.elf bs=1M count=4 > /dev/null 2>&1 && rm e5834b7bdd70ec904470d541713e38fe933e96a4e49f80dbfb25148d9674f957.elf > /dev/null 2>&1"], 0xaaaabdafc400 /* 20 vars */) = -1 ENOENT (No such file or directory) <0.000076>
7770  17:29:48.999429 execve("/usr/local/bin/sh", ["sh", "-c", "sleep 5 && dd if=/dev/urandom of=e5834b7bdd70ec904470d541713e38fe933e96a4e49f80dbfb25148d9674f957.elf bs=1M count=4 > /dev/null 2>&1 && rm e5834b7bdd70ec904470d541713e38fe933e96a4e49f80dbfb25148d9674f957.elf > /dev/null 2>&1"], 0xaaaabdafc400 /* 20 vars */) = -1 ENOENT (No such file or directory) <0.000024>
7770  17:29:48.999496 execve("/usr/sbin/sh", ["sh", "-c", "sleep 5 && dd if=/dev/urandom of=e5834b7bdd70ec904470d541713e38fe933e96a4e49f80dbfb25148d9674f957.elf bs=1M count=4 > /dev/null 2>&1 && rm e5834b7bdd70ec904470d541713e38fe933e96a4e49f80dbfb25148d9674f957.elf > /dev/null 2>&1"], 0xaaaabdafc400 /* 20 vars */) = -1 ENOENT (No such file or directory) <0.000020>
7770  17:29:48.999552 execve("/usr/bin/sh", ["sh", "-c", "sleep 5 && dd if=/dev/urandom of=e5834b7bdd70ec904470d541713e38fe933e96a4e49f80dbfb25148d9674f957.elf bs=1M count=4 > /dev/null 2>&1 && rm e5834b7bdd70ec904470d541713e38fe933e96a4e49f80dbfb25148d9674f957.elf > /dev/null 2>&1"], 0xaaaabdafc400 /* 20 vars */ <unfinished ...>
7771  17:29:48.999742 <... futex resumed>) = ?
7771  17:29:48.999758 +++ exited with 0 +++
7766  17:29:48.999849 <... read resumed>, "", 4) = 0 <0.004403>
7766  17:29:48.999884 close(9)          = 0 <0.000005>
7766  17:29:48.999911 rt_sigprocmask(SIG_SETMASK, ~[RTMIN RT_1] <unfinished ...>
7770  17:29:48.999917 <... execve resumed>) = 0 <0.000349>
7770  17:29:48.999932 brk(NULL <unfinished ...>
7766  17:29:48.999935 <... rt_sigprocmask resumed>, NULL, 8) = 0 <0.000021>
7766  17:29:48.999939 rt_sigprocmask(SIG_SETMASK, ~[RTMIN RT_1] <unfinished ...>
7770  17:29:48.999944 <... brk resumed>) = 0xc0e349b33000 <0.000010>
7766  17:29:48.999947 <... rt_sigprocmask resumed>, NULL, 8) = 0 <0.000005>
7770  17:29:48.999961 mmap(NULL, 8192, PROT_READ|PROT_WRITE, MAP_PRIVATE|MAP_ANONYMOUS, -1, 0 <unfinished ...>
7766  17:29:48.999965 rt_sigprocmask(SIG_SETMASK, [], NULL, 8) = 0 <0.000001>
7766  17:29:49.000392 write(4, "\1\0\0\0\0\0\0\0", 8 <unfinished ...>
7770  17:29:49.000396 <... mmap resumed>) = 0xed041f35f000 <0.000432>
7770  17:29:49.000401 faccessat(AT_FDCWD, "/etc/ld.so.preload", R_OK) = -1 ENOENT (No such file or directory) <0.000002>
7770  17:29:49.000411 openat(AT_FDCWD, "/etc/ld.so.cache", O_RDONLY|O_CLOEXEC) = 3 <0.000003>
7770  17:29:49.000421 fstat(3, {st_mode=S_IFREG|0644, st_size=70405, ...}) = 0 <0.000002>
7770  17:29:49.000429 mmap(NULL, 70405, PROT_READ, MAP_PRIVATE, 3, 0) = 0xed041f317000 <0.000007>
7770  17:29:49.000441 close(3)          = 0 <0.000001>
7770  17:29:49.000453 openat(AT_FDCWD, "/usr/lib/aarch64-linux-gnu/libc.so.6", O_RDONLY|O_CLOEXEC) = 3 <0.000002>
7770  17:29:49.000461 read(3, "\177ELF\2\1\1\3\0\0\0\0\0\0\0\0\3\0\267\0\1\0\0\0\3101\2\0\0\0\0\0@\0\0\0\0\0\0\0P9\33\0\0\0\0\0\0\0\0\0@\08\0\r\0@\0@\0?\0\6\0\0\0\4\0\0\0@\0\0\0\0\0\0\0@\0\0\0\0\0\0\0@\0\0\0\0\0\0\0\330\2\0\0\0\0\0\0\330\2\0\0\0\0\0\0\10\0\0\0\0\0\0\0\3\0\0\0\4\0\0\0\350?\27\0\0\0\0\0\350?\27\0\0\0\0\0\350?\27\0\0\0\0\0\33\0\0\0\0\0\0\0\33\0\0\0\0\0\0\0\10\0\0\0\0\0\0\0\1\0\0\0\5\0\0\0\0\0\0\0\0\0\0\0\0\0\0\0\0\0\0\0\0\0\0\0\0\0\0\0\10\210\32\0\0\0\0\0\10\210\32\0\0\0\0\0\0\0\1\0\0\0\0\0\1\0\0\0\6\0\0\0\200\320\32\0\0\0\0\0\200\320\33\0\0\0\0\0"..., 832) = 832 <0.000002>
7770  17:29:49.000470 fstat(3, {st_mode=S_IFREG|0755, st_size=1788240, ...}) = 0 <0.000001>
7770  17:29:49.000479 mmap(NULL, 1957440, PROT_NONE, MAP_PRIVATE|MAP_ANONYMOUS|MAP_DENYWRITE, -1, 0) = 0xed041f139000 <0.000002>
7770  17:29:49.000487 mmap(0xed041f140000, 1891904, PROT_READ|PROT_EXEC, MAP_PRIVATE|MAP_FIXED|MAP_DENYWRITE, 3, 0) = 0xed041f140000 <0.000006>
7770  17:29:49.000498 munmap(0xed041f139000, 28672) = 0 <0.000002>
7770  17:29:49.000504 munmap(0xed041f30e000, 36416) = 0 <0.000002>
7770  17:29:49.000511 mprotect(0xed041f2e9000, 81920, PROT_NONE) = 0 <0.000006>
7770  17:29:49.000522 mmap(0xed041f2fd000, 20480, PROT_READ|PROT_WRITE, MAP_PRIVATE|MAP_FIXED|MAP_DENYWRITE, 3, 0x1ad000) = 0xed041f2fd000 <0.000004>
7770  17:29:49.000535 mmap(0xed041f302000, 48704, PROT_READ|PROT_WRITE, MAP_PRIVATE|MAP_FIXED|MAP_ANONYMOUS, -1, 0) = 0xed041f302000 <0.000003>
7770  17:29:49.000549 close(3)          = 0 <0.000002>
7770  17:29:49.000569 set_tid_address(0xed041f3603c8) = 7770 <0.000001>
7770  17:29:49.000577 set_robust_list(0xed041f360080, 24) = 0 <0.000001>
7770  17:29:49.000583 rseq(0xed041f360780, 0x21, 0, 0xd428bc00) = 0 <0.000001>
7770  17:29:49.000607 mprotect(0xed041f2fd000, 12288, PROT_READ) = 0 <0.000004>
7770  17:29:49.000627 mprotect(0xc0e33725e000, 8192, PROT_READ) = 0 <0.000004>
7770  17:29:49.000636 mmap(NULL, 8192, PROT_READ|PROT_WRITE, MAP_PRIVATE|MAP_ANONYMOUS, -1, 0) = 0xed041f35d000 <0.000002>
7770  17:29:49.000646 mprotect(0xed041f367000, 8192, PROT_READ) = 0 <0.000004>
7770  17:29:49.000660 prlimit64(0, RLIMIT_STACK, NULL, {rlim_cur=8192*1024, rlim_max=RLIM64_INFINITY}) = 0 <0.000002>
7770  17:29:49.000671 getrandom("\x9c\x46\xc1\x90\x93\x02\xb7\xf2", 8, GRND_NONBLOCK) = 8 <0.000002>
7770  17:29:49.000678 munmap(0xed041f317000, 70405) = 0 <0.000006>
7770  17:29:49.000691 getuid()          = 0 <0.000001>
7770  17:29:49.000698 getgid()          = 0 <0.000001>
7770  17:29:49.000703 getpid()          = 7770 <0.000001>
7770  17:29:49.000710 rt_sigaction(SIGCHLD, {sa_handler=0xc0e337243ca0, sa_mask=~[RTMIN RT_1], sa_flags=0}, NULL, 8) = 0 <0.000001>
7770  17:29:49.000717 geteuid()         = 0 <0.000001>
7770  17:29:49.000725 brk(NULL)         = 0xc0e349b33000 <0.000002>
7770  17:29:49.000731 brk(0xc0e349c00000) = 0xc0e349c00000 <0.000002>
7770  17:29:49.000741 getppid()         = 7766 <0.000001>
7770  17:29:49.000750 newfstatat(AT_FDCWD, "/home/jie-min/ransomware_pipeline", {st_mode=S_IFDIR|0775, st_size=4096, ...}, 0) = 0 <0.000002>
7770  17:29:49.000759 newfstatat(AT_FDCWD, ".", {st_mode=S_IFDIR|0775, st_size=4096, ...}, 0) = 0 <0.000002>
7770  17:29:49.000768 geteuid()         = 0 <0.000001>
7770  17:29:49.000774 getegid()         = 0 <0.000001>
7770  17:29:49.000779 rt_sigaction(SIGINT, NULL, {sa_handler=SIG_IGN, sa_mask=[], sa_flags=0}, 8) = 0 <0.000001>
7770  17:29:49.000786 rt_sigaction(SIGQUIT, NULL, {sa_handler=SIG_DFL, sa_mask=[], sa_flags=0}, 8) = 0 <0.000001>
7770  17:29:49.000792 rt_sigaction(SIGQUIT, {sa_handler=SIG_DFL, sa_mask=~[RTMIN RT_1], sa_flags=0}, NULL, 8) = 0 <0.000001>
7770  17:29:49.000799 rt_sigaction(SIGTERM, NULL, {sa_handler=SIG_DFL, sa_mask=[], sa_flags=0}, 8) = 0 <0.000001>
7770  17:29:49.000805 rt_sigaction(SIGTERM, {sa_handler=SIG_DFL, sa_mask=~[RTMIN RT_1], sa_flags=0}, NULL, 8) = 0 <0.000002>
7770  17:29:49.000818 newfstatat(AT_FDCWD, "/usr/local/sbin/sleep", 0xffffe4f62a48, 0) = -1 ENOENT (No such file or directory) <0.000002>
7770  17:29:49.000826 newfstatat(AT_FDCWD, "/usr/local/bin/sleep", 0xffffe4f62a48, 0) = -1 ENOENT (No such file or directory) <0.000002>
7770  17:29:49.000833 newfstatat(AT_FDCWD, "/usr/sbin/sleep", 0xffffe4f62a48, 0) = -1 ENOENT (No such file or directory) <0.000002>
7770  17:29:49.000840 newfstatat(AT_FDCWD, "/usr/bin/sleep", {st_mode=S_IFREG|0755, st_size=10577824, ...}, 0) = 0 <0.000003>
7770  17:29:49.000850 rt_sigprocmask(SIG_SETMASK, ~[RTMIN RT_1], NULL, 8) = 0 <0.000001>
7770  17:29:49.000856 clone(child_stack=0xffffe4f62a60, flags=CLONE_VM|CLONE_VFORK|SIGCHLD <unfinished ...>
7766  17:29:49.000878 <... write resumed>) = 8 <0.000483>
7768  17:29:49.000885 <... epoll_pwait resumed>, [{events=EPOLLIN, data=0}], 1024, -1, NULL, 8) = 1 <0.011716>
7766  17:29:49.001264 futex(0xe75108ea6f40, FUTEX_WAIT_PRIVATE, 2, NULL <unfinished ...>
7768  17:29:49.001268 futex(0xe75108ea8900, FUTEX_WAKE_PRIVATE, 2147483647) = 0 <0.000002>
7768  17:29:49.001278 futex(0xe75108ea6f40, FUTEX_WAKE_PRIVATE, 1) = 1 <0.000002>
7766  17:29:49.001285 <... futex resumed>) = 0 <0.000018>
7766  17:29:49.001292 futex(0xe75108ea6f40, FUTEX_WAKE_PRIVATE, 1) = 0 <0.000002>
7766  17:29:49.001489 futex(0xe751077ebab0, FUTEX_WAKE_PRIVATE, 1) = 1 <0.000084>
7772  17:29:49.001578 rt_sigprocmask(SIG_SETMASK, [] <unfinished ...>
7769  17:29:49.001583 <... futex resumed>) = 0 <0.010239>
7769  17:29:49.001590 futex(0xe75108ea6f40, FUTEX_WAIT_PRIVATE, 2, NULL <unfinished ...>
7766  17:29:49.001595 futex(0xe75108ea6f40, FUTEX_WAIT_PRIVATE, 2, NULL <unfinished ...>
7772  17:29:49.001597 <... rt_sigprocmask resumed>, ~[KILL STOP RTMIN RT_1], 8) = 0 <0.000016>
7772  17:29:49.001604 execve("/usr/bin/sleep", ["sleep", "5"], 0xc0e349b33808 /* 20 vars */ <unfinished ...>
7768  17:29:49.001607 futex(0xe75108ea6f40, FUTEX_WAKE_PRIVATE, 1) = 1 <0.000002>
7769  17:29:49.001613 <... futex resumed>) = 0 <0.000021>
7769  17:29:49.001622 futex(0xe75108ea6f40, FUTEX_WAKE_PRIVATE, 1) = 1 <0.000002>
7772  17:29:49.001703 <... execve resumed>) = 0 <0.000095>
7772  17:29:49.001727 brk(NULL)         = 0xc2ae7d02c000 <0.000015>
7766  17:29:49.001749 <... futex resumed>) = 0 <0.000152>
7766  17:29:49.001754 futex(0xe75108ea6f40, FUTEX_WAIT_PRIVATE, 2, NULL <unfinished ...>
7769  17:29:49.001759 futex(0xe75108ea6f40, FUTEX_WAKE_PRIVATE, 1 <unfinished ...>
7770  17:29:49.001763 <... clone resumed>) = 7772 <0.000905>
7770  17:29:49.001767 rt_sigprocmask(SIG_SETMASK, [], ~[KILL STOP RTMIN RT_1], 8) = 0 <0.000002>
7770  17:29:49.001777 wait4(-1 <unfinished ...>
7769  17:29:49.001783 <... futex resumed>) = 1 <0.000022>
7766  17:29:49.001787 <... futex resumed>) = 0 <0.000031>
7766  17:29:49.001795 futex(0xe75108ea6f40, FUTEX_WAKE_PRIVATE, 1) = 0 <0.000001>
7772  17:29:49.001869 mmap(NULL, 8192, PROT_READ|PROT_WRITE, MAP_PRIVATE|MAP_ANONYMOUS, -1, 0 <unfinished ...>
7769  17:29:49.001874 futex(0xe75108ea6f40, FUTEX_WAIT_PRIVATE, 2, NULL <unfinished ...>
7768  17:29:49.001880 futex(0xe75108ea6f40, FUTEX_WAIT_PRIVATE, 2, NULL <unfinished ...>
7766  17:29:49.001885 futex(0xe75108ea6f40, FUTEX_WAKE_PRIVATE, 1 <unfinished ...>
7772  17:29:49.001887 <... mmap resumed>) = 0xfb8d927b2000 <0.000016>
7766  17:29:49.001892 <... futex resumed>) = 1 <0.000005>
7772  17:29:49.001894 faccessat(AT_FDCWD, "/etc/ld.so.preload", R_OK <unfinished ...>
7769  17:29:49.001899 <... futex resumed>) = 0 <0.000023>
7772  17:29:49.001901 <... faccessat resumed>) = -1 ENOENT (No such file or directory) <0.000004>
7769  17:29:49.001908 futex(0xe75108ea6f40, FUTEX_WAKE_PRIVATE, 1) = 1 <0.000002>
7772  17:29:49.001927 openat(AT_FDCWD, "/etc/ld.so.cache", O_RDONLY|O_CLOEXEC) = 3 <0.000020>
7772  17:29:49.001958 fstat(3 <unfinished ...>
7768  17:29:49.001962 <... futex resumed>) = 0 <0.000080>
7768  17:29:49.001966 futex(0xe75108ea6f40, FUTEX_WAIT_PRIVATE, 2, NULL <unfinished ...>
7769  17:29:49.001971 futex(0xe75108ea6f40, FUTEX_WAKE_PRIVATE, 1) = 1 <0.000002>
7772  17:29:49.001976 <... fstat resumed>, {st_mode=S_IFREG|0644, st_size=70405, ...}) = 0 <0.000016>
7772  17:29:49.001981 mmap(NULL, 70405, PROT_READ, MAP_PRIVATE, 3, 0 <unfinished ...>
7768  17:29:49.001984 <... futex resumed>) = 0 <0.000016>
7768  17:29:49.001990 futex(0xe75108ea6f40, FUTEX_WAKE_PRIVATE, 1) = 0 <0.000001>
7772  17:29:49.002013 <... mmap resumed>) = 0xfb8d9276a000 <0.000030>
7769  17:29:49.002018 futex(0xe75108ea6f40, FUTEX_WAIT_PRIVATE, 2, NULL <unfinished ...>
7766  17:29:49.002022 futex(0xe75108ea6f40, FUTEX_WAIT_PRIVATE, 2, NULL <unfinished ...>
7772  17:29:49.002025 close(3 <unfinished ...>
7768  17:29:49.002029 futex(0xe75108ea6f40, FUTEX_WAKE_PRIVATE, 1 <unfinished ...>
7772  17:29:49.002031 <... close resumed>) = 0 <0.000005>
7766  17:29:49.002035 <... futex resumed>) = -1 EAGAIN (Resource temporarily unavailable) <0.000011>
7768  17:29:49.002039 <... futex resumed>) = 1 <0.000008>
7769  17:29:49.002044 <... futex resumed>) = 0 <0.000024>
7772  17:29:49.002058 openat(AT_FDCWD, "/usr/lib/aarch64-linux-gnu/libselinux.so.1", O_RDONLY|O_CLOEXEC <unfinished ...>
7769  17:29:49.002061 futex(0xe75108ea6f40, FUTEX_WAKE_PRIVATE, 1 <unfinished ...>
7766  17:29:49.002068 futex(0xe75108ea6f40, FUTEX_WAKE_PRIVATE, 1 <unfinished ...>
7772  17:29:49.002101 <... openat resumed>) = 3 <0.000040>
7766  17:29:49.002105 <... futex resumed>) = 0 <0.000035>
7766  17:29:49.002109 futex(0xe75108ea6f40, FUTEX_WAIT_PRIVATE, 2, NULL <unfinished ...>
7769  17:29:49.002112 <... futex resumed>) = 0 <0.000049>
7769  17:29:49.002116 futex(0xe75108ea6f40, FUTEX_WAIT_PRIVATE, 2, NULL <unfinished ...>
7768  17:29:49.002120 futex(0xe75108ea6f40, FUTEX_WAKE_PRIVATE, 1) = 1 <0.000002>
7766  17:29:49.002126 <... futex resumed>) = 0 <0.000016>
7766  17:29:49.002132 futex(0xe75108ea6f40, FUTEX_WAKE_PRIVATE, 1) = 1 <0.000002>
7769  17:29:49.002138 <... futex resumed>) = 0 <0.000020>
7769  17:29:49.002144 futex(0xe75108ea6f40, FUTEX_WAKE_PRIVATE, 1) = 0 <0.000001>
7772  17:29:49.002172 read(3 <unfinished ...>
7766  17:29:49.002177 futex(0xe75108ea6f40, FUTEX_WAIT_PRIVATE, 2, NULL <unfinished ...>
7772  17:29:49.002179 <... read resumed>, "\177ELF\2\1\1\0\0\0\0\0\0\0\0\0\3\0\267\0\1\0\0\0\0\0\0\0\0\0\0\0@\0\0\0\0\0\0\0\340\1\4\0\0\0\0\0\0\0\0\0@\08\0\v\0@\0\37\0\36\0\1\0\0\0\5\0\0\0\0\0\0\0\0\0\0\0\0\0\0\0\0\0\0\0\0\0\0\0\0\0\0\0\360\371\2\0\0\0\0\0\360\371\2\0\0\0\0\0\0\0\1\0\0\0\0\0\1\0\0\0\6\0\0\0\270\367\3\0\0\0\0\0\270\367\3\0\0\0\0\0\270\367\3\0\0\0\0\0\230\10\0\0\0\0\0\0x-\0\0\0\0\0\0\0\0\1\0\0\0\0\0\2\0\0\0\6\0\0\0000\370\3\0\0\0\0\0000\370\3\0\0\0\0\0000\370\3\0\0\0\0\0@\2\0\0\0\0\0\0@\2\0\0\0\0\0\0\10\0\0\0\0\0\0\0\4\0\0\0\4\0\0\0\250\2\0\0\0\0\0\0\250\2\0\0\0\0\0\0"..., 832) = 832 <0.000005>
7768  17:29:49.002189 futex(0xe75108ea6f40, FUTEX_WAIT_PRIVATE, 2, NULL <unfinished ...>
7769  17:29:49.002193 futex(0xe75108ea8900, FUTEX_WAKE_PRIVATE, 2147483647 <unfinished ...>
7772  17:29:49.002198 fstat(3 <unfinished ...>
7769  17:29:49.002200 <... futex resumed>) = 0 <0.000005>
7772  17:29:49.002206 <... fstat resumed>, {st_mode=S_IFREG|0644, st_size=264608, ...}) = 0 <0.000006>
7769  17:29:49.002209 futex(0xe75108ea6f40, FUTEX_WAKE_PRIVATE, 1) = 1 <0.000002>
7766  17:29:49.002215 <... futex resumed>) = 0 <0.000036>
7766  17:29:49.002222 futex(0xe75108ea6f40, FUTEX_WAKE_PRIVATE, 1) = 1 <0.000002>
7772  17:29:49.002243 mmap(NULL, 337200, PROT_NONE, MAP_PRIVATE|MAP_ANONYMOUS|MAP_DENYWRITE, -1, 0 <unfinished ...>
7768  17:29:49.002248 <... futex resumed>) = 0 <0.000056>
7768  17:29:49.002251 futex(0xe75108ea6f40, FUTEX_WAIT_PRIVATE, 2, NULL <unfinished ...>
7769  17:29:49.002256 futex(0xe75108ea6f40, FUTEX_WAIT_PRIVATE, 2, NULL <unfinished ...>
7766  17:29:49.002260 futex(0xe75108ea6f40, FUTEX_WAKE_PRIVATE, 1) = 1 <0.000002>
7772  17:29:49.002265 <... mmap resumed>) = 0xfb8d92717000 <0.000019>
7768  17:29:49.002268 <... futex resumed>) = 0 <0.000015>
7772  17:29:49.002270 mmap(0xfb8d92720000, 271664, PROT_READ|PROT_EXEC, MAP_PRIVATE|MAP_FIXED|MAP_DENYWRITE, 3, 0 <unfinished ...>
7768  17:29:49.002277 futex(0xe75108ea6f40, FUTEX_WAKE_PRIVATE, 1) = 1 <0.000002>
7769  17:29:49.002283 <... futex resumed>) = 0 <0.000025>
7769  17:29:49.002289 futex(0xe75108ea6f40, FUTEX_WAKE_PRIVATE, 1 <unfinished ...>
7772  17:29:49.002352 <... mmap resumed>) = 0xfb8d92720000 <0.000079>
7769  17:29:49.002356 <... futex resumed>) = 0 <0.000065>
7766  17:29:49.002360 futex(0xe75108ea6f40, FUTEX_WAIT_PRIVATE, 2, NULL <unfinished ...>
7769  17:29:49.002364 futex(0xe75108ea6f40, FUTEX_WAIT_PRIVATE, 2, NULL <unfinished ...>
7768  17:29:49.002369 futex(0xe75108ea6f40, FUTEX_WAKE_PRIVATE, 1 <unfinished ...>
7772  17:29:49.002373 munmap(0xfb8d92717000, 36864 <unfinished ...>
7768  17:29:49.002375 <... futex resumed>) = 1 <0.000004>
7766  17:29:49.002378 <... futex resumed>) = 0 <0.000017>
7772  17:29:49.002380 <... munmap resumed>) = 0 <0.000006>
7766  17:29:49.002387 futex(0xe75108ea6f40, FUTEX_WAKE_PRIVATE, 1) = 1 <0.000002>
7769  17:29:49.002392 <... futex resumed>) = 0 <0.000026>
7769  17:29:49.002399 futex(0xe75108ea6f40, FUTEX_WAKE_PRIVATE, 1 <unfinished ...>
7772  17:29:49.002402 munmap(0xfb8d92763000, 25904 <unfinished ...>
7769  17:29:49.002406 <... futex resumed>) = 0 <0.000004>
7772  17:29:49.002408 <... munmap resumed>) = 0 <0.000004>
7772  17:29:49.002571 mprotect(0xfb8d92750000, 61440, PROT_NONE <unfinished ...>
7766  17:29:49.002702 futex(0xe751090120b0, FUTEX_WAIT_PRIVATE, 1, NULL <unfinished ...>
7772  17:29:49.002705 <... mprotect resumed>) = 0 <0.000131>
7772  17:29:49.002991 mmap(0xfb8d9275f000, 8192, PROT_READ|PROT_WRITE, MAP_PRIVATE|MAP_FIXED|MAP_DENYWRITE, 3, 0x3f000 <unfinished ...>
7768  17:29:49.002994 munmap(0xe75108fa8000, 12288 <unfinished ...>
7769  17:29:49.002998 futex(0xe75108ea6f40, FUTEX_WAIT_PRIVATE, 2, NULL <unfinished ...>
7768  17:29:49.003004 <... munmap resumed>) = 0 <0.000008>
7768  17:29:49.003009 futex(0xe75108ea80a0, FUTEX_WAKE, 2147483647) = 1 <0.000003>
7767  17:29:49.003017 <... futex resumed>) = 0 <0.034157>
7768  17:29:49.003021 futex(0xe75108ea6f40, FUTEX_WAKE_PRIVATE, 1 <unfinished ...>
7772  17:29:49.003023 <... mmap resumed>) = 0xfb8d9275f000 <0.000029>
7767  17:29:49.003029 clock_nanosleep(CLOCK_REALTIME, 0, {tv_sec=0, tv_nsec=10000000} <unfinished ...>
7772  17:29:49.003033 mmap(0xfb8d92761000, 5424, PROT_READ|PROT_WRITE, MAP_PRIVATE|MAP_FIXED|MAP_ANONYMOUS, -1, 0 <unfinished ...>
7768  17:29:49.003038 <... futex resumed>) = 1 <0.000015>
7769  17:29:49.003041 <... futex resumed>) = 0 <0.000041>
7769  17:29:49.003047 futex(0xe75108ea6f40, FUTEX_WAKE_PRIVATE, 1 <unfinished ...>
7772  17:29:49.003051 <... mmap resumed>) = 0xfb8d92761000 <0.000015>
7769  17:29:49.003053 <... futex resumed>) = 0 <0.000004>
7772  17:29:49.003158 close(3 <unfinished ...>
7769  17:29:49.003161 munmap(0xe75108fa7000, 4096) = 0 <0.000004>
7772  17:29:49.003180 <... close resumed>) = 0 <0.000020>
7772  17:29:49.003223 openat(AT_FDCWD, "/usr/lib/aarch64-linux-gnu/libgcc_s.so.1", O_RDONLY|O_CLOEXEC <unfinished ...>
7769  17:29:49.003227 futex(0xe751090120b0, FUTEX_WAKE_PRIVATE, 1 <unfinished ...>
7772  17:29:49.003230 <... openat resumed>) = 3 <0.000003>
7772  17:29:49.003238 read(3, "\177ELF\2\1\1\0\0\0\0\0\0\0\0\0\3\0\267\0\1\0\0\0\0\0\0\0\0\0\0\0@\0\0\0\0\0\0\0P\3\2\0\0\0\0\0\0\0\0\0@\08\0\n\0@\0\35\0\34\0\1\0\0\0\5\0\0\0\0\0\0\0\0\0\0\0\0\0\0\0\0\0\0\0\0\0\0\0\0\0\0\0\310\352\1\0\0\0\0\0\310\352\1\0\0\0\0\0\0\0\1\0\0\0\0\0\1\0\0\0\6\0\0\0h\375\1\0\0\0\0\0h\375\2\0\0\0\0\0h\375\2\0\0\0\0\0p\4\0\0\0\0\0\08\6\0\0\0\0\0\0\0\0\1\0\0\0\0\0\2\0\0\0\6\0\0\0\230\375\1\0\0\0\0\0\230\375\2\0\0\0\0\0\230\375\2\0\0\0\0\0 \2\0\0\0\0\0\0 \2\0\0\0\0\0\0\10\0\0\0\0\0\0\0\4\0\0\0\4\0\0\0p\2\0\0\0\0\0\0p\2\0\0\0\0\0\0"..., 832) = 832 <0.000084>
7769  17:29:49.003331 <... futex resumed>) = 1 <0.000102>
7766  17:29:49.003335 <... futex resumed>) = 0 <0.000630>
7772  17:29:49.003337 fstat(3 <unfinished ...>
7766  17:29:49.003342 futex(0xe75108ea6f40, FUTEX_WAIT_PRIVATE, 2, NULL <unfinished ...>
7772  17:29:49.003344 <... fstat resumed>, {st_mode=S_IFREG|0644, st_size=133776, ...}) = 0 <0.000005>
7769  17:29:49.003350 futex(0xe75108ea6f40, FUTEX_WAIT_PRIVATE, 2, NULL <unfinished ...>
7768  17:29:49.003355 futex(0xe75108ea6f40, FUTEX_WAKE_PRIVATE, 1) = 1 <0.000002>
7766  17:29:49.003361 <... futex resumed>) = 0 <0.000017>
7766  17:29:49.003370 futex(0xe75108ea6f40, FUTEX_WAKE_PRIVATE, 1 <unfinished ...>
7772  17:29:49.003372 mmap(NULL, 263072, PROT_NONE, MAP_PRIVATE|MAP_ANONYMOUS|MAP_DENYWRITE, -1, 0 <unfinished ...>
7766  17:29:49.003376 <... futex resumed>) = 1 <0.000004>
7766  17:29:49.003537 futex(0xe751079eeb70, FUTEX_WAIT_PRIVATE, 2, NULL <unfinished ...>
7772  17:29:49.003540 <... mmap resumed>) = 0xfb8d926df000 <0.000166>
7769  17:29:49.003543 <... futex resumed>) = 0 <0.000192>
7769  17:29:49.003549 futex(0xe75108ea6f40, FUTEX_WAKE_PRIVATE, 1) = 0 <0.000001>
7772  17:29:49.003647 mmap(0xfb8d926e0000, 197536, PROT_READ|PROT_EXEC, MAP_PRIVATE|MAP_FIXED|MAP_DENYWRITE, 3, 0 <unfinished ...>
7769  17:29:49.003652 munmap(0xe75108ffc000, 8192 <unfinished ...>
7768  17:29:49.003656 futex(0xe75108ea6f40, FUTEX_WAIT_PRIVATE, 2, NULL <unfinished ...>
7769  17:29:49.003665 <... munmap resumed>) = 0 <0.000011>
7769  17:29:49.003669 futex(0xe75108ea6f40, FUTEX_WAKE_PRIVATE, 1) = 1 <0.000002>
7768  17:29:49.003675 <... futex resumed>) = 0 <0.000015>
7768  17:29:49.003682 futex(0xe75108ea6f40, FUTEX_WAKE_PRIVATE, 1) = 0 <0.000002>
7772  17:29:49.003721 <... mmap resumed>) = 0xfb8d926e0000 <0.000070>
7768  17:29:49.003724 rt_sigprocmask(SIG_SETMASK, ~[RTMIN RT_1] <unfinished ...>
7769  17:29:49.003755 munmap(0xe7510900a000, 16384 <unfinished ...>
7768  17:29:49.003759 <... rt_sigprocmask resumed>, NULL, 8) = 0 <0.000032>
7768  17:29:49.003764 rt_sigprocmask(SIG_SETMASK, ~[RTMIN RT_1] <unfinished ...>
7772  17:29:49.003771 munmap(0xfb8d926df000, 4096 <unfinished ...>
7769  17:29:49.003773 <... munmap resumed>) = 0 <0.000016>
7772  17:29:49.003778 <... munmap resumed>) = 0 <0.000005>
7768  17:29:49.003780 <... rt_sigprocmask resumed>, NULL, 8) = 0 <0.000014>
7768  17:29:49.003784 rt_sigprocmask(SIG_SETMASK, ~[ABRT BUS KILL SEGV STOP RTMIN RT_1 RT_2 RT_4 RT_5 RT_6] <unfinished ...>
7769  17:29:49.003795 close(3 <unfinished ...>
7772  17:29:49.003797 munmap(0xfb8d92711000, 58272 <unfinished ...>
7768  17:29:49.003801 <... rt_sigprocmask resumed>, NULL, 8) = 0 <0.000014>
7772  17:29:49.003803 <... munmap resumed>) = 0 <0.000004>
7768  17:29:49.003824 futex(0xe75108ea8900, FUTEX_WAKE_PRIVATE, 2147483647 <unfinished ...>
7772  17:29:49.003827 mprotect(0xfb8d926ff000, 65536, PROT_NONE <unfinished ...>
7769  17:29:49.003831 <... close resumed>) = 0 <0.000034>
7769  17:29:49.003835 futex(0xe75108ea6f40, FUTEX_WAIT_PRIVATE, 2, NULL <unfinished ...>
7772  17:29:49.003837 <... mprotect resumed>) = 0 <0.000008>
7768  17:29:49.003841 <... futex resumed>) = 0 <0.000014>
7768  17:29:49.003848 futex(0xe75108ea6f40, FUTEX_WAKE_PRIVATE, 1) = 1 <0.000002>
7769  17:29:49.003854 <... futex resumed>) = 0 <0.000017>
7772  17:29:49.003861 mmap(0xfb8d9270f000, 8192, PROT_READ|PROT_WRITE, MAP_PRIVATE|MAP_FIXED|MAP_DENYWRITE, 3, 0x1f000 <unfinished ...>
7769  17:29:49.003863 futex(0xe75108ea6f40, FUTEX_WAKE_PRIVATE, 1 <unfinished ...>
7772  17:29:49.003867 <... mmap resumed>) = 0xfb8d9270f000 <0.000004>
7769  17:29:49.003869 <... futex resumed>) = 0 <0.000004>
7769  17:29:49.003873 close(8 <unfinished ...>
7772  17:29:49.003897 close(3)          = 0 <0.000002>
7769  17:29:49.003903 <... close resumed>) = 0 <0.000029>
7769  17:29:49.003907 futex(0xe75108ea6f40, FUTEX_WAIT_PRIVATE, 2, NULL <unfinished ...>
7768  17:29:49.003912 futex(0xe75108ea6f40, FUTEX_WAKE_PRIVATE, 1) = 1 <0.000002>
7769  17:29:49.003918 <... futex resumed>) = 0 <0.000009>
7772  17:29:49.003925 openat(AT_FDCWD, "/usr/lib/aarch64-linux-gnu/libm.so.6", O_RDONLY|O_CLOEXEC <unfinished ...>
7769  17:29:49.003929 futex(0xe75108ea6f40, FUTEX_WAKE_PRIVATE, 1 <unfinished ...>
7772  17:29:49.003933 <... openat resumed>) = 3 <0.000005>
7769  17:29:49.003936 <... futex resumed>) = 0 <0.000005>
7772  17:29:49.003962 read(3 <unfinished ...>
7768  17:29:49.003967 futex(0xe75108ea6f40, FUTEX_WAIT_PRIVATE, 2, NULL <unfinished ...>
7772  17:29:49.003969 <... read resumed>, "\177ELF\2\1\1\0\0\0\0\0\0\0\0\0\3\0\267\0\1\0\0\0\0\0\0\0\0\0\0\0@\0\0\0\0\0\0\0\210\1\v\0\0\0\0\0\0\0\0\0@\08\0\n\0@\0\35\0\34\0\1\0\0\0\5\0\0\0\0\0\0\0\0\0\0\0\0\0\0\0\0\0\0\0\0\0\0\0\0\0\0\0\210\350\n\0\0\0\0\0\210\350\n\0\0\0\0\0\0\0\1\0\0\0\0\0\1\0\0\0\6\0\0\0\300\374\n\0\0\0\0\0\300\374\v\0\0\0\0\0\300\374\v\0\0\0\0\0L\3\0\0\0\0\0\0X\3\0\0\0\0\0\0\0\0\1\0\0\0\0\0\2\0\0\0\6\0\0\0\320\374\n\0\0\0\0\0\320\374\v\0\0\0\0\0\320\374\v\0\0\0\0\0`\2\0\0\0\0\0\0`\2\0\0\0\0\0\0\10\0\0\0\0\0\0\0\4\0\0\0\4\0\0\0p\2\0\0\0\0\0\0p\2\0\0\0\0\0\0"..., 832) = 832 <0.000005>
7769  17:29:49.003976 futex(0xe75108ea6f40, FUTEX_WAKE_PRIVATE, 1) = 1 <0.000002>
7768  17:29:49.003982 <... futex resumed>) = 0 <0.000013>
7768  17:29:49.003987 futex(0xe75108ea6f40, FUTEX_WAKE_PRIVATE, 1 <unfinished ...>
7772  17:29:49.003992 fstat(3 <unfinished ...>
7768  17:29:49.003994 <... futex resumed>) = 0 <0.000005>
7772  17:29:49.004016 <... fstat resumed>, {st_mode=S_IFREG|0644, st_size=723144, ...}) = 0 <0.000022>
7768  17:29:49.004020 futex(0xe751079eeb70, FUTEX_WAKE_PRIVATE, 1 <unfinished ...>
7772  17:29:49.004087 mmap(NULL, 851992, PROT_NONE, MAP_PRIVATE|MAP_ANONYMOUS|MAP_DENYWRITE, -1, 0 <unfinished ...>
7769  17:29:49.004089 close(5 <unfinished ...>
7768  17:29:49.004093 <... futex resumed>) = 1 <0.000071>
7772  17:29:49.004095 <... mmap resumed>) = 0xfb8d9260f000 <0.000006>
7772  17:29:49.004109 mmap(0xfb8d92610000, 786456, PROT_READ|PROT_EXEC, MAP_PRIVATE|MAP_FIXED|MAP_DENYWRITE, 3, 0 <unfinished ...>
7768  17:29:49.004112 rt_sigprocmask(SIG_SETMASK, ~[RTMIN RT_1], NULL, 8) = 0 <0.000002>
7768  17:29:49.004119 futex(0x55555563ec78, FUTEX_WAKE, 2147483647) = 0 <0.000002>
7772  17:29:49.004124 <... mmap resumed>) = 0xfb8d92610000 <0.000012>
7772  17:29:49.004133 munmap(0xfb8d9260f000, 4096 <unfinished ...>
7768  17:29:49.004187 munmap(0xe75108ffb000, 4096 <unfinished ...>
7766  17:29:49.004190 <... futex resumed>) = 0 <0.000651>
7766  17:29:49.004194 futex(0xe75108ea6f40, FUTEX_WAIT_PRIVATE, 2, NULL <unfinished ...>
7769  17:29:49.004202 <... close resumed>) = 0 <0.000110>
7772  17:29:49.004204 <... munmap resumed>) = 0 <0.000069>
7772  17:29:49.004209 munmap(0xfb8d926d1000, 57368 <unfinished ...>
7769  17:29:49.004211 futex(0xe75108ea6f40, FUTEX_WAIT_PRIVATE, 2, NULL <unfinished ...>
7772  17:29:49.004214 <... munmap resumed>) = 0 <0.000003>
7768  17:29:49.004219 <... munmap resumed>) = 0 <0.000031>
7768  17:29:49.004223 futex(0xe75108ea6f40, FUTEX_WAKE_PRIVATE, 1) = 1 <0.000002>
7766  17:29:49.004229 <... futex resumed>) = 0 <0.000033>
7772  17:29:49.004231 mprotect(0xfb8d926bf000, 65536, PROT_NONE <unfinished ...>
7766  17:29:49.004239 futex(0xe75108ea6f40, FUTEX_WAKE_PRIVATE, 1) = 1 <0.000002>
7772  17:29:49.004244 <... mprotect resumed>) = 0 <0.000011>
7766  17:29:49.004287 munmap(0xe751077ec000, 2109440 <unfinished ...>
7769  17:29:49.004291 <... futex resumed>) = 0 <0.000077>
7769  17:29:49.004294 futex(0xe75108ea6f40, FUTEX_WAIT_PRIVATE, 2, NULL <unfinished ...>
7772  17:29:49.004410 mmap(0xfb8d926cf000, 8192, PROT_READ|PROT_WRITE, MAP_PRIVATE|MAP_FIXED|MAP_DENYWRITE, 3, 0xaf000 <unfinished ...>
7766  17:29:49.004421 <... munmap resumed>) = 0 <0.000132>
7766  17:29:49.004426 futex(0xe75108ea6f40, FUTEX_WAKE_PRIVATE, 1 <unfinished ...>
7772  17:29:49.004428 <... mmap resumed>) = 0xfb8d926cf000 <0.000014>
7766  17:29:49.004432 <... futex resumed>) = 1 <0.000004>
7766  17:29:49.004523 futex(0xe751077ebb70, FUTEX_WAIT_PRIVATE, 2, NULL <unfinished ...>
7772  17:29:49.004526 close(3 <unfinished ...>
7769  17:29:49.004529 <... futex resumed>) = 0 <0.000233>
7769  17:29:49.004536 futex(0xe75108ea6f40, FUTEX_WAKE_PRIVATE, 1) = 0 <0.000002>
7769  17:29:49.004560 close(4)          = 0 <0.000004>
7772  17:29:49.004592 <... close resumed>) = 0 <0.000064>
7769  17:29:49.004598 munmap(0xe75109001000, 8192) = 0 <0.000004>
7772  17:29:49.004614 openat(AT_FDCWD, "/usr/lib/aarch64-linux-gnu/libc.so.6", O_RDONLY|O_CLOEXEC <unfinished ...>
7769  17:29:49.004621 munmap(0xe75108fff000, 8192) = 0 <0.000003>
7772  17:29:49.004662 <... openat resumed>) = 3 <0.000043>
7769  17:29:49.004665 munmap(0xe75108f53000, 12288 <unfinished ...>
7772  17:29:49.004670 read(3 <unfinished ...>
7769  17:29:49.004675 <... munmap resumed>) = 0 <0.000008>
7769  17:29:49.004690 rt_sigprocmask(SIG_SETMASK, ~[RTMIN RT_1] <unfinished ...>
7772  17:29:49.004704 <... read resumed>, "\177ELF\2\1\1\3\0\0\0\0\0\0\0\0\3\0\267\0\1\0\0\0\3101\2\0\0\0\0\0@\0\0\0\0\0\0\0P9\33\0\0\0\0\0\0\0\0\0@\08\0\r\0@\0@\0?\0\6\0\0\0\4\0\0\0@\0\0\0\0\0\0\0@\0\0\0\0\0\0\0@\0\0\0\0\0\0\0\330\2\0\0\0\0\0\0\330\2\0\0\0\0\0\0\10\0\0\0\0\0\0\0\3\0\0\0\4\0\0\0\350?\27\0\0\0\0\0\350?\27\0\0\0\0\0\350?\27\0\0\0\0\0\33\0\0\0\0\0\0\0\33\0\0\0\0\0\0\0\10\0\0\0\0\0\0\0\1\0\0\0\5\0\0\0\0\0\0\0\0\0\0\0\0\0\0\0\0\0\0\0\0\0\0\0\0\0\0\0\10\210\32\0\0\0\0\0\10\210\32\0\0\0\0\0\0\0\1\0\0\0\0\0\1\0\0\0\6\0\0\0\200\320\32\0\0\0\0\0\200\320\33\0\0\0\0\0"..., 832) = 832 <0.000022>
7772  17:29:49.004729 fstat(3 <unfinished ...>
7769  17:29:49.004735 <... rt_sigprocmask resumed>, NULL, 8) = 0 <0.000041>
7769  17:29:49.004741 rt_sigprocmask(SIG_SETMASK, ~[RTMIN RT_1], NULL, 8) = 0 <0.000001>
7772  17:29:49.004748 <... fstat resumed>, {st_mode=S_IFREG|0755, st_size=1788240, ...}) = 0 <0.000017>
7769  17:29:49.004752 rt_sigprocmask(SIG_SETMASK, ~[ABRT BUS KILL SEGV STOP RTMIN RT_1 RT_2 RT_4 RT_5 RT_6] <unfinished ...>
7772  17:29:49.004755 mmap(NULL, 1957440, PROT_NONE, MAP_PRIVATE|MAP_ANONYMOUS|MAP_DENYWRITE, -1, 0 <unfinished ...>
7769  17:29:49.004759 <... rt_sigprocmask resumed>, NULL, 8) = 0 <0.000004>
7772  17:29:49.004772 <... mmap resumed>) = 0xfb8d92432000 <0.000015>
7769  17:29:49.004774 futex(0xe751077ebb70, FUTEX_WAKE_PRIVATE, 1) = 1 <0.000002>
7766  17:29:49.004780 <... futex resumed>) = 0 <0.000254>
7769  17:29:49.004784 rt_sigprocmask(SIG_SETMASK, ~[RTMIN RT_1] <unfinished ...>
7772  17:29:49.004787 mmap(0xfb8d92440000, 1891904, PROT_READ|PROT_EXEC, MAP_PRIVATE|MAP_FIXED|MAP_DENYWRITE, 3, 0) = 0xfb8d92440000 <0.000025>
7772  17:29:49.004819 munmap(0xfb8d92432000, 57344 <unfinished ...>
7769  17:29:49.004822 <... rt_sigprocmask resumed>, NULL, 8) = 0 <0.000035>
7772  17:29:49.004826 <... munmap resumed>) = 0 <0.000005>
7769  17:29:49.004828 futex(0x55555563ec78, FUTEX_WAKE, 2147483647) = 0 <0.000002>
7772  17:29:49.004849 munmap(0xfb8d9260e000, 7744 <unfinished ...>
7766  17:29:49.004865 munmap(0xe751075e9000, 2109440 <unfinished ...>
7772  17:29:49.004880 <... munmap resumed>) = 0 <0.000028>
7766  17:29:49.004895 <... munmap resumed>) = 0 <0.000028>
7772  17:29:49.004907 mprotect(0xfb8d925e9000, 81920, PROT_NONE <unfinished ...>
7769  17:29:49.004930 futex(0xe75108ea6f40, FUTEX_WAIT_PRIVATE, 2, NULL <unfinished ...>
7772  17:29:49.004943 <... mprotect resumed>) = 0 <0.000033>
7766  17:29:49.004950 futex(0xe75108ea6f40, FUTEX_WAKE_PRIVATE, 1 <unfinished ...>
7772  17:29:49.004951 mmap(0xfb8d925fd000, 20480, PROT_READ|PROT_WRITE, MAP_PRIVATE|MAP_FIXED|MAP_DENYWRITE, 3, 0x1ad000 <unfinished ...>
7766  17:29:49.004965 <... futex resumed>) = 0 <0.000013>
7768  17:29:49.004967 futex(0xe75108eaee74, FUTEX_WAKE_PRIVATE, 2147483647 <unfinished ...>
7766  17:29:49.005162 munmap(0xe7510900f000, 12288 <unfinished ...>
7772  17:29:49.005164 <... mmap resumed>) = 0xfb8d925fd000 <0.000210>
7768  17:29:49.005166 <... futex resumed>) = 0 <0.000197>
7769  17:29:49.005169 <... futex resumed>) = -1 EAGAIN (Resource temporarily unavailable) <0.000236>
7769  17:29:49.005173 futex(0xe75108ea6f40, FUTEX_WAIT_PRIVATE, 2, NULL <unfinished ...>
7772  17:29:49.005176 mmap(0xfb8d92602000, 48704, PROT_READ|PROT_WRITE, MAP_PRIVATE|MAP_FIXED|MAP_ANONYMOUS, -1, 0) = 0xfb8d92602000 <0.000067>
7766  17:29:49.005254 <... munmap resumed>) = 0 <0.000090>
7766  17:29:49.005259 futex(0xe75108ea6f40, FUTEX_WAKE_PRIVATE, 1) = 1 <0.000002>
7769  17:29:49.005265 <... futex resumed>) = 0 <0.000090>
7772  17:29:49.005270 close(3 <unfinished ...>
7769  17:29:49.005272 munmap(0xe75108fa6000, 4096 <unfinished ...>
7772  17:29:49.005274 <... close resumed>) = 0 <0.000002>
7769  17:29:49.005279 <... munmap resumed>) = 0 <0.000006>
7772  17:29:49.005282 openat(AT_FDCWD, "/usr/lib/aarch64-linux-gnu/libpcre2-8.so.0", O_RDONLY|O_CLOEXEC <unfinished ...>
7769  17:29:49.005287 futex(0xe75108ea6f40, FUTEX_WAKE_PRIVATE, 1) = 0 <0.000001>
7772  17:29:49.005332 <... openat resumed>) = 3 <0.000047>
7772  17:29:49.005371 read(3, "\177ELF\2\1\1\0\0\0\0\0\0\0\0\0\3\0\267\0\1\0\0\0\0\0\0\0\0\0\0\0@\0\0\0\0\0\0\08\3\n\0\0\0\0\0\0\0\0\0@\08\0\n\0@\0\35\0\34\0\1\0\0\0\5\0\0\0\0\0\0\0\0\0\0\0\0\0\0\0\0\0\0\0\0\0\0\0\0\0\0\0\30i\t\0\0\0\0\0\30i\t\0\0\0\0\0\0\0\1\0\0\0\0\0\1\0\0\0\6\0\0\0H\374\t\0\0\0\0\0H\374\n\0\0\0\0\0H\374\n\0\0\0\0\0p\5\0\0\0\0\0\0\320\5\0\0\0\0\0\0\0\0\1\0\0\0\0\0\2\0\0\0\6\0\0\0\310\375\t\0\0\0\0\0\310\375\n\0\0\0\0\0\310\375\n\0\0\0\0\0\360\1\0\0\0\0\0\0\360\1\0\0\0\0\0\0\10\0\0\0\0\0\0\0\4\0\0\0\4\0\0\0p\2\0\0\0\0\0\0p\2\0\0\0\0\0\0"..., 832) = 832 <0.000011>
7772  17:29:49.005410 fstat(3 <unfinished ...>
7766  17:29:49.005442 exit_group(0 <unfinished ...>
7772  17:29:49.005444 <... fstat resumed>, {st_mode=S_IFREG|0644, st_size=658040, ...}) = 0 <0.000033>
7766  17:29:49.005452 <... exit_group resumed>) = ?
7769  17:29:49.005468 +++ exited with 0 +++
7767  17:29:49.005472 <... clock_nanosleep resumed> <unfinished ...>) = ?
7767  17:29:49.005479 +++ exited with 0 +++
7768  17:29:49.005497 +++ exited with 0 +++
7772  17:29:49.005562 mmap(NULL, 786968, PROT_NONE, MAP_PRIVATE|MAP_ANONYMOUS|MAP_DENYWRITE, -1, 0) = 0xfb8d9237f000 <0.000029>
7766  17:29:49.005608 +++ exited with 0 +++
7772  17:29:49.005610 mmap(0xfb8d92380000, 721432, PROT_READ|PROT_EXEC, MAP_PRIVATE|MAP_FIXED|MAP_DENYWRITE, 3, 0) = 0xfb8d92380000 <0.000038>
7772  17:29:49.005677 munmap(0xfb8d9237f000, 4096) = 0 <0.000027>
7772  17:29:49.005788 munmap(0xfb8d92431000, 57880) = 0 <0.000027>
7772  17:29:49.005845 mprotect(0xfb8d92417000, 98304, PROT_NONE) = 0 <0.000031>
7772  17:29:49.005905 mmap(0xfb8d9242f000, 8192, PROT_READ|PROT_WRITE, MAP_PRIVATE|MAP_FIXED|MAP_DENYWRITE, 3, 0x9f000) = 0xfb8d9242f000 <0.000024>
7772  17:29:49.005966 close(3)          = 0 <0.000009>
7772  17:29:49.006003 mmap(NULL, 8192, PROT_READ|PROT_WRITE, MAP_PRIVATE|MAP_ANONYMOUS, -1, 0) = 0xfb8d927b0000 <0.000024>
7772  17:29:49.006075 mmap(NULL, 12288, PROT_READ|PROT_WRITE, MAP_PRIVATE|MAP_ANONYMOUS, -1, 0) = 0xfb8d927ad000 <0.000027>
7772  17:29:49.006131 set_tid_address(0xfb8d927ad448) = 7772 <0.000041>
7772  17:29:49.006199 set_robust_list(0xfb8d927ad100, 24) = 0 <0.000026>
7772  17:29:49.006252 rseq(0xfb8d927adbc0, 0x21, 0, 0xd428bc00) = 0 <0.000023>
7772  17:29:49.006325 mprotect(0xfb8d925fd000, 12288, PROT_READ) = 0 <0.000084>
7772  17:29:49.006456 mprotect(0xfb8d9242f000, 4096, PROT_READ) = 0 <0.000025>
7772  17:29:49.006512 mprotect(0xfb8d926cf000, 4096, PROT_READ) = 0 <0.000013>
7772  17:29:49.006559 mprotect(0xfb8d9270f000, 4096, PROT_READ) = 0 <0.000023>
7772  17:29:49.006628 mprotect(0xfb8d9275f000, 4096, PROT_READ) = 0 <0.000030>
7772  17:29:49.007103 mprotect(0xc2ae5aa6f000, 1380352, PROT_READ) = 0 <0.000027>
7772  17:29:49.007162 mprotect(0xfb8d927ba000, 8192, PROT_READ) = 0 <0.000028>
7772  17:29:49.007206 prlimit64(0, RLIMIT_STACK, NULL, {rlim_cur=8192*1024, rlim_max=RLIM64_INFINITY}) = 0 <0.000072>
7772  17:29:49.007316 getrandom("\xef\xf4\x22\x38\x56\x96\x72\x56", 8, GRND_NONBLOCK) = 8 <0.000027>
7772  17:29:49.007389 munmap(0xfb8d9276a000, 70405) = 0 <0.000079>
7772  17:29:49.007500 statfs("/sys/fs/selinux", 0xffffceb960e0) = -1 ENOENT (No such file or directory) <0.000025>
7772  17:29:49.007567 statfs("/selinux", 0xffffceb960e0) = -1 ENOENT (No such file or directory) <0.000018>
7772  17:29:49.007614 brk(NULL)         = 0xc2ae7d02c000 <0.000024>
7772  17:29:49.007665 brk(0xc2ae7d200000) = 0xc2ae7d200000 <0.000023>
7772  17:29:49.007722 openat(AT_FDCWD, "/proc/filesystems", O_RDONLY|O_CLOEXEC) = 3 <0.000030>
7772  17:29:49.007784 fstat(3, {st_mode=S_IFREG|0444, st_size=0, ...}) = 0 <0.000026>
7772  17:29:49.007844 read(3, "nodev\tsysfs\nnodev\ttmpfs\nnodev\tbdev\nnodev\tproc\nnodev\tcgroup\nnodev\tcgroup2\nnodev\tdevtmpfs\nnodev\tconfigfs\nnodev\tdebugfs\nnodev\ttracefs\nnodev\tsecurityfs\nnodev\tsockfs\nnodev\tbpf\nnodev\tpipefs\nnodev\tramfs\nnodev\thugetlbfs\nnodev\tdevpts\n\text3\n\text2\n\text4\n\tsquashfs\n\tvf"..., 1024) = 389 <0.000047>
7772  17:29:49.007973 read(3, "", 1024) = 0 <0.000023>
7772  17:29:49.008024 close(3)          = 0 <0.000023>
7772  17:29:49.008075 faccessat(AT_FDCWD, "/etc/selinux/config", F_OK) = -1 ENOENT (No such file or directory) <0.000076>
7772  17:29:49.008192 fcntl(0, F_GETFD) = 0 <0.000014>
7772  17:29:49.008227 fcntl(1, F_GETFD) = 0 <0.000022>
7772  17:29:49.008278 fcntl(2, F_GETFD) = 0 <0.000077>
7772  17:29:49.008387 rt_sigaction(SIGPIPE, NULL, {sa_handler=SIG_DFL, sa_mask=[], sa_flags=0}, 8) = 0 <0.000077>
7772  17:29:49.008500 ppoll([{fd=0, events=0}, {fd=1, events=0}, {fd=2, events=0}], 3, {tv_sec=0, tv_nsec=0}, NULL, 0) = 0 (Timeout) <0.000022>
7772  17:29:49.008553 rt_sigaction(SIGPIPE, {sa_handler=SIG_IGN, sa_mask=[PIPE], sa_flags=SA_RESTART}, {sa_handler=SIG_DFL, sa_mask=[], sa_flags=0}, 8) = 0 <0.000017>
7772  17:29:49.008615 openat(AT_FDCWD, "/proc/self/maps", O_RDONLY|O_CLOEXEC) = 3 <0.000030>
7772  17:29:49.008676 prlimit64(0, RLIMIT_STACK, NULL, {rlim_cur=8192*1024, rlim_max=RLIM64_INFINITY}) = 0 <0.000022>
7772  17:29:49.008780 fstat(3, {st_mode=S_IFREG|0444, st_size=0, ...}) = 0 <0.000027>
7772  17:29:49.008839 read(3, "c2ae5a1a0000-c2ae5aa5c000 r-xp 00000000 103:02 131373                    /usr/lib/cargo/bin/coreutils/sleep\nc2ae5aa6f000-c2ae5abc0000 r--p 008bf000 103:02 131373                    /usr/lib/cargo/bin/coreutils/sleep\nc2ae5abc0000-c2ae5abc6000 rw-p 00a10000 "..., 1024) = 1024 <0.000028>
7772  17:29:49.008898 read(3, "64-linux-gnu/libc.so.6\nfb8d925e9000-fb8d925fd000 ---p 001a9000 103:02 135223                    /usr/lib/aarch64-linux-gnu/libc.so.6\nfb8d925fd000-fb8d92600000 r--p 001ad000 103:02 135223                    /usr/lib/aarch64-linux-gnu/libc.so.6\nfb8d92600000-"..., 1024) = 1024 <0.000030>
7772  17:29:49.008974 read(3, "     /usr/lib/aarch64-linux-gnu/libgcc_s.so.1\nfb8d9270f000-fb8d92710000 r--p 0001f000 103:02 135358                    /usr/lib/aarch64-linux-gnu/libgcc_s.so.1\nfb8d92710000-fb8d92711000 rw-p 00020000 103:02 135358                    /usr/lib/aarch64-linux-"..., 1024) = 1024 <0.000029>
7772  17:29:49.009036 read(3, "       [vvar]\nfb8d927b8000-fb8d927ba000 r-xp 00000000 00:00 0                          [vdso]\nfb8d927ba000-fb8d927bc000 r--p 0002e000 103:02 135021                    /usr/lib/aarch64-linux-gnu/ld-linux-aarch64.so.1\nfb8d927bc000-fb8d927bd000 rw-p 00030000 "..., 1024) = 468 <0.000025>
7772  17:29:49.009092 close(3)          = 0 <0.000028>
7772  17:29:49.009136 sched_getaffinity(7772, 32, [0 1]) = 8 <0.000026>
7772  17:29:49.009192 rt_sigaction(SIGSEGV, NULL, {sa_handler=SIG_DFL, sa_mask=[], sa_flags=0}, 8) = 0 <0.000026>
7772  17:29:49.009300 sigaltstack(NULL, {ss_sp=NULL, ss_flags=SS_DISABLE, ss_size=0}) = 0 <0.000041>
7772  17:29:49.009369 mmap(NULL, 20480, PROT_READ|PROT_WRITE, MAP_PRIVATE|MAP_ANONYMOUS|MAP_STACK, -1, 0) = 0xfb8d927a8000 <0.000077>
7772  17:29:49.009474 mprotect(0xfb8d927a8000, 4096, PROT_NONE) = 0 <0.000028>
7772  17:29:49.009514 sigaltstack({ss_sp=0xfb8d927a9000, ss_flags=0, ss_size=16384}, NULL) = 0 <0.000073>
7772  17:29:49.009616 gettid()          = 7772 <0.000006>
7772  17:29:49.009638 rt_sigaction(SIGSEGV, {sa_handler=0xc2ae5a420db0, sa_mask=[], sa_flags=SA_ONSTACK|SA_SIGINFO}, NULL, 8) = 0 <0.000021>
7772  17:29:49.009674 rt_sigaction(SIGBUS, NULL, {sa_handler=SIG_DFL, sa_mask=[], sa_flags=0}, 8) = 0 <0.000021>
7772  17:29:49.009708 rt_sigaction(SIGBUS, {sa_handler=0xc2ae5a420db0, sa_mask=[], sa_flags=SA_ONSTACK|SA_SIGINFO}, NULL, 8) = 0 <0.000022>
7772  17:29:49.009748 prctl(PR_GET_AUXV, 0xffffceb95b58, 0x200, 0, 0) = 432 <0.000021>
7772  17:29:49.009797 statx(AT_FDCWD, "/usr/share/coreutils/locales/sleep", AT_STATX_SYNC_AS_STAT, STATX_ALL, {stx_mask=STATX_ALL|STATX_MNT_ID, stx_attributes=0, stx_mode=S_IFDIR|0755, stx_size=4096, ...}) = 0 <0.000021>
7772  17:29:49.009856 statx(AT_FDCWD, "/usr/share/coreutils/locales/uucore", AT_STATX_SYNC_AS_STAT, STATX_ALL, {stx_mask=STATX_ALL|STATX_MNT_ID, stx_attributes=0, stx_mode=S_IFDIR|0755, stx_size=4096, ...}) = 0 <0.000026>
7772  17:29:49.009975 openat(AT_FDCWD, "/usr/share/coreutils/locales/uucore/en-US.ftl", O_RDONLY|O_CLOEXEC) = 3 <0.000031>
7772  17:29:49.010090 statx(3, "", AT_STATX_SYNC_AS_STAT|AT_EMPTY_PATH, STATX_ALL, {stx_mask=STATX_ALL|STATX_MNT_ID, stx_attributes=0, stx_mode=S_IFREG|0644, stx_size=4080, ...}) = 0 <0.000023>
7772  17:29:49.010158 read(3, "# Common strings shared across all uutils commands\n# Mostly clap\n\n# Generic words\ncommon-error = error\ncommon-tip = tip\ncommon-usage = Usage\ncommon-help = help\ncommon-version = version\n\n# Common clap error messages\nclap-error-unexpected-argument = { $error"..., 4080) = 4080 <0.000026>
7772  17:29:49.010261 read(3, "", 32)   = 0 <0.000078>
7772  17:29:49.010375 close(3)          = 0 <0.000026>
7772  17:29:49.010518 statx(AT_FDCWD, "/usr/share/coreutils/locales/sleep", AT_STATX_SYNC_AS_STAT, STATX_ALL, {stx_mask=STATX_ALL|STATX_MNT_ID, stx_attributes=0, stx_mode=S_IFDIR|0755, stx_size=4096, ...}) = 0 <0.000048>
7772  17:29:49.010625 openat(AT_FDCWD, "/usr/share/coreutils/locales/sleep/en-US.ftl", O_RDONLY|O_CLOEXEC) = -1 ENOENT (No such file or directory) <0.000085>
7772  17:29:49.010781 rt_sigaction(SIGPIPE, {sa_handler=SIG_DFL, sa_mask=[PIPE], sa_flags=SA_RESTART}, {sa_handler=SIG_IGN, sa_mask=[PIPE], sa_flags=SA_RESTART}, 8) = 0 <0.000033>
7772  17:29:49.010848 rt_sigaction(SIGSEGV, {sa_handler=SIG_DFL, sa_mask=~[RTMIN RT_1], sa_flags=0}, {sa_handler=0xc2ae5a420db0, sa_mask=[], sa_flags=SA_ONSTACK|SA_SIGINFO}, 8) = 0 <0.000023>
7772  17:29:49.010929 rt_sigaction(SIGBUS, {sa_handler=SIG_DFL, sa_mask=~[RTMIN RT_1], sa_flags=0}, {sa_handler=0xc2ae5a420db0, sa_mask=[], sa_flags=SA_ONSTACK|SA_SIGINFO}, 8) = 0 <0.000021>
7772  17:29:49.010989 ioctl(1, TCGETS2, {c_iflag=ICRNL|IXON|IUTF8, c_oflag=NL0|CR0|TAB0|BS0|VT0|FF0|OPOST|ONLCR, c_cflag=B38400|CS8|CREAD, c_lflag=ISIG|ICANON|ECHO|ECHOE|ECHOK|IEXTEN|ECHOCTL|ECHOKE, ...}) = 0 <0.000026>
7772  17:29:49.011126 clock_nanosleep(CLOCK_REALTIME, 0, {tv_sec=5, tv_nsec=0}, 0xffffceb959d8) = 0 <5.001159>
7772  17:29:54.012375 sigaltstack({ss_sp=NULL, ss_flags=SS_DISABLE, ss_size=16384}, NULL) = 0 <0.000046>
7772  17:29:54.012503 munmap(0xfb8d927a8000, 20480) = 0 <0.000042>
7772  17:29:54.012643 exit_group(0)     = ?
7772  17:29:54.012881 +++ exited with 0 +++
7770  17:29:54.012937 <... wait4 resumed>, [{WIFEXITED(s) && WEXITSTATUS(s) == 0}], 0, NULL) = 7772 <5.011155>
7770  17:29:54.012999 --- SIGCHLD {si_signo=SIGCHLD, si_code=CLD_EXITED, si_pid=7772, si_uid=0, si_status=0, si_utime=0, si_stime=0} ---
7770  17:29:54.013062 rt_sigreturn({mask=[]}) = 7772 <0.000047>
7770  17:29:54.013175 wait4(-1, 0xffffe4f62984, WNOHANG, NULL) = -1 ECHILD (No child processes) <0.000046>
7770  17:29:54.013294 openat(AT_FDCWD, "/dev/null", O_WRONLY|O_CREAT|O_TRUNC, 0666) = 3 <0.000049>
7770  17:29:54.013411 fcntl(1, F_DUPFD, 10) = 10 <0.000048>
7770  17:29:54.013520 close(1)          = 0 <0.000053>
7770  17:29:54.013633 fcntl(10, F_SETFD, FD_CLOEXEC) = 0 <0.000046>
7770  17:29:54.013739 dup3(3, 1, 0)     = 1 <0.000046>
7770  17:29:54.013844 close(3)          = 0 <0.000045>
7770  17:29:54.013948 fcntl(2, F_DUPFD, 10) = 11 <0.000045>
7770  17:29:54.014051 close(2)          = 0 <0.000046>
7770  17:29:54.014154 fcntl(11, F_SETFD, FD_CLOEXEC) = 0 <0.000049>
7770  17:29:54.014259 dup3(1, 2, 0)     = 2 <0.000040>
7770  17:29:54.014352 newfstatat(AT_FDCWD, "/usr/local/sbin/dd", 0xffffe4f62a48, 0) = -1 ENOENT (No such file or directory) <0.000049>
7770  17:29:54.014460 newfstatat(AT_FDCWD, "/usr/local/bin/dd", 0xffffe4f62a48, 0) = -1 ENOENT (No such file or directory) <0.000046>
7770  17:29:54.014553 newfstatat(AT_FDCWD, "/usr/sbin/dd", 0xffffe4f62a48, 0) = -1 ENOENT (No such file or directory) <0.000040>
7770  17:29:54.014664 newfstatat(AT_FDCWD, "/usr/bin/dd", {st_mode=S_IFREG|0755, st_size=10577824, ...}, 0) = 0 <0.000076>
7770  17:29:54.014799 rt_sigprocmask(SIG_SETMASK, ~[RTMIN RT_1], NULL, 8) = 0 <0.000040>
7770  17:29:54.014893 clone(child_stack=0xffffe4f62a60, flags=CLONE_VM|CLONE_VFORK|SIGCHLD <unfinished ...>
8158  17:29:54.015005 rt_sigprocmask(SIG_SETMASK, [], ~[KILL STOP RTMIN RT_1], 8) = 0 <0.000039>
8158  17:29:54.015102 execve("/usr/bin/dd", ["dd", "if=/dev/urandom", "of=e5834b7bdd70ec904470d541713e38fe933e96a4e49f80dbfb25148d9674f957.elf", "bs=1M", "count=4"], 0xc0e349b33d28 /* 20 vars */ <unfinished ...>
7770  17:29:54.015209 <... clone resumed>) = 8158 <0.000308>
8158  17:29:54.015253 <... execve resumed>) = 0 <0.000139>
7770  17:29:54.015263 rt_sigprocmask(SIG_SETMASK, [] <unfinished ...>
8158  17:29:54.015312 brk(NULL <unfinished ...>
7770  17:29:54.015322 <... rt_sigprocmask resumed>, ~[KILL STOP RTMIN RT_1], 8) = 0 <0.000053>
8158  17:29:54.015360 <... brk resumed>) = 0xca302b4db000 <0.000041>
7770  17:29:54.015370 wait4(-1 <unfinished ...>
8158  17:29:54.015418 mmap(NULL, 8192, PROT_READ|PROT_WRITE, MAP_PRIVATE|MAP_ANONYMOUS, -1, 0) = 0xe3c8473fb000 <0.000042>
8158  17:29:54.015516 faccessat(AT_FDCWD, "/etc/ld.so.preload", R_OK) = -1 ENOENT (No such file or directory) <0.000044>
8158  17:29:54.015626 openat(AT_FDCWD, "/etc/ld.so.cache", O_RDONLY|O_CLOEXEC) = 3 <0.000043>
8158  17:29:54.015723 fstat(3, {st_mode=S_IFREG|0644, st_size=70405, ...}) = 0 <0.000041>
8158  17:29:54.015819 mmap(NULL, 70405, PROT_READ, MAP_PRIVATE, 3, 0) = 0xe3c8473b3000 <0.000045>
8158  17:29:54.015915 close(3)          = 0 <0.000041>
8158  17:29:54.016011 openat(AT_FDCWD, "/usr/lib/aarch64-linux-gnu/libselinux.so.1", O_RDONLY|O_CLOEXEC) = 3 <0.000043>
8158  17:29:54.016108 read(3, "\177ELF\2\1\1\0\0\0\0\0\0\0\0\0\3\0\267\0\1\0\0\0\0\0\0\0\0\0\0\0@\0\0\0\0\0\0\0\340\1\4\0\0\0\0\0\0\0\0\0@\08\0\v\0@\0\37\0\36\0\1\0\0\0\5\0\0\0\0\0\0\0\0\0\0\0\0\0\0\0\0\0\0\0\0\0\0\0\0\0\0\0\360\371\2\0\0\0\0\0\360\371\2\0\0\0\0\0\0\0\1\0\0\0\0\0\1\0\0\0\6\0\0\0\270\367\3\0\0\0\0\0\270\367\3\0\0\0\0\0\270\367\3\0\0\0\0\0\230\10\0\0\0\0\0\0x-\0\0\0\0\0\0\0\0\1\0\0\0\0\0\2\0\0\0\6\0\0\0000\370\3\0\0\0\0\0000\370\3\0\0\0\0\0000\370\3\0\0\0\0\0@\2\0\0\0\0\0\0@\2\0\0\0\0\0\0\10\0\0\0\0\0\0\0\4\0\0\0\4\0\0\0\250\2\0\0\0\0\0\0\250\2\0\0\0\0\0\0"..., 832) = 832 <0.000045>
8158  17:29:54.016208 fstat(3, {st_mode=S_IFREG|0644, st_size=264608, ...}) = 0 <0.000041>
8158  17:29:54.016303 mmap(NULL, 337200, PROT_NONE, MAP_PRIVATE|MAP_ANONYMOUS|MAP_DENYWRITE, -1, 0) = 0xe3c847360000 <0.000044>
8158  17:29:54.016399 mmap(0xe3c847360000, 271664, PROT_READ|PROT_EXEC, MAP_PRIVATE|MAP_FIXED|MAP_DENYWRITE, 3, 0) = 0xe3c847360000 <0.000045>
8158  17:29:54.016495 munmap(0xe3c8473a3000, 62768) = 0 <0.000041>
8158  17:29:54.016593 mprotect(0xe3c847390000, 61440, PROT_NONE) = 0 <0.000044>
8158  17:29:54.016688 mmap(0xe3c84739f000, 8192, PROT_READ|PROT_WRITE, MAP_PRIVATE|MAP_FIXED|MAP_DENYWRITE, 3, 0x3f000) = 0xe3c84739f000 <0.000046>
8158  17:29:54.016791 mmap(0xe3c8473a1000, 5424, PROT_READ|PROT_WRITE, MAP_PRIVATE|MAP_FIXED|MAP_ANONYMOUS, -1, 0) = 0xe3c8473a1000 <0.000044>
8158  17:29:54.016896 close(3)          = 0 <0.000041>
8158  17:29:54.016994 openat(AT_FDCWD, "/usr/lib/aarch64-linux-gnu/libgcc_s.so.1", O_RDONLY|O_CLOEXEC) = 3 <0.000043>
8158  17:29:54.017092 read(3, "\177ELF\2\1\1\0\0\0\0\0\0\0\0\0\3\0\267\0\1\0\0\0\0\0\0\0\0\0\0\0@\0\0\0\0\0\0\0P\3\2\0\0\0\0\0\0\0\0\0@\08\0\n\0@\0\35\0\34\0\1\0\0\0\5\0\0\0\0\0\0\0\0\0\0\0\0\0\0\0\0\0\0\0\0\0\0\0\0\0\0\0\310\352\1\0\0\0\0\0\310\352\1\0\0\0\0\0\0\0\1\0\0\0\0\0\1\0\0\0\6\0\0\0h\375\1\0\0\0\0\0h\375\2\0\0\0\0\0h\375\2\0\0\0\0\0p\4\0\0\0\0\0\08\6\0\0\0\0\0\0\0\0\1\0\0\0\0\0\2\0\0\0\6\0\0\0\230\375\1\0\0\0\0\0\230\375\2\0\0\0\0\0\230\375\2\0\0\0\0\0 \2\0\0\0\0\0\0 \2\0\0\0\0\0\0\10\0\0\0\0\0\0\0\4\0\0\0\4\0\0\0p\2\0\0\0\0\0\0p\2\0\0\0\0\0\0"..., 832) = 832 <0.000041>
8158  17:29:54.017189 fstat(3, {st_mode=S_IFREG|0644, st_size=133776, ...}) = 0 <0.000041>
8158  17:29:54.017285 mmap(NULL, 263072, PROT_NONE, MAP_PRIVATE|MAP_ANONYMOUS|MAP_DENYWRITE, -1, 0) = 0xe3c84731f000 <0.000043>
8158  17:29:54.017380 mmap(0xe3c847320000, 197536, PROT_READ|PROT_EXEC, MAP_PRIVATE|MAP_FIXED|MAP_DENYWRITE, 3, 0) = 0xe3c847320000 <0.000047>
8158  17:29:54.017479 munmap(0xe3c84731f000, 4096) = 0 <0.000042>
8158  17:29:54.017574 munmap(0xe3c847351000, 58272) = 0 <0.000033>
8158  17:29:54.017657 mprotect(0xe3c84733f000, 65536, PROT_NONE) = 0 <0.000045>
8158  17:29:54.017753 mmap(0xe3c84734f000, 8192, PROT_READ|PROT_WRITE, MAP_PRIVATE|MAP_FIXED|MAP_DENYWRITE, 3, 0x1f000) = 0xe3c84734f000 <0.000046>
8158  17:29:54.017859 close(3)          = 0 <0.000041>
8158  17:29:54.017952 openat(AT_FDCWD, "/usr/lib/aarch64-linux-gnu/libm.so.6", O_RDONLY|O_CLOEXEC) = 3 <0.000052>
8158  17:29:54.018057 read(3, "\177ELF\2\1\1\0\0\0\0\0\0\0\0\0\3\0\267\0\1\0\0\0\0\0\0\0\0\0\0\0@\0\0\0\0\0\0\0\210\1\v\0\0\0\0\0\0\0\0\0@\08\0\n\0@\0\35\0\34\0\1\0\0\0\5\0\0\0\0\0\0\0\0\0\0\0\0\0\0\0\0\0\0\0\0\0\0\0\0\0\0\0\210\350\n\0\0\0\0\0\210\350\n\0\0\0\0\0\0\0\1\0\0\0\0\0\1\0\0\0\6\0\0\0\300\374\n\0\0\0\0\0\300\374\v\0\0\0\0\0\300\374\v\0\0\0\0\0L\3\0\0\0\0\0\0X\3\0\0\0\0\0\0\0\0\1\0\0\0\0\0\2\0\0\0\6\0\0\0\320\374\n\0\0\0\0\0\320\374\v\0\0\0\0\0\320\374\v\0\0\0\0\0`\2\0\0\0\0\0\0`\2\0\0\0\0\0\0\10\0\0\0\0\0\0\0\4\0\0\0\4\0\0\0p\2\0\0\0\0\0\0p\2\0\0\0\0\0\0"..., 832) = 832 <0.000042>
8158  17:29:54.018158 fstat(3, {st_mode=S_IFREG|0644, st_size=723144, ...}) = 0 <0.000042>
8158  17:29:54.018257 mmap(NULL, 851992, PROT_NONE, MAP_PRIVATE|MAP_ANONYMOUS|MAP_DENYWRITE, -1, 0) = 0xe3c84724f000 <0.000049>
8158  17:29:54.018358 mmap(0xe3c847250000, 786456, PROT_READ|PROT_EXEC, MAP_PRIVATE|MAP_FIXED|MAP_DENYWRITE, 3, 0) = 0xe3c847250000 <0.000046>
8158  17:29:54.018456 munmap(0xe3c84724f000, 4096) = 0 <0.000042>
8158  17:29:54.018541 munmap(0xe3c847311000, 57368) = 0 <0.000038>
8158  17:29:54.018628 mprotect(0xe3c8472ff000, 65536, PROT_NONE) = 0 <0.000047>
8158  17:29:54.018735 mmap(0xe3c84730f000, 8192, PROT_READ|PROT_WRITE, MAP_PRIVATE|MAP_FIXED|MAP_DENYWRITE, 3, 0xaf000) = 0xe3c84730f000 <0.000046>
8158  17:29:54.018843 close(3)          = 0 <0.000040>
8158  17:29:54.018935 openat(AT_FDCWD, "/usr/lib/aarch64-linux-gnu/libc.so.6", O_RDONLY|O_CLOEXEC) = 3 <0.000042>
8158  17:29:54.019031 read(3, "\177ELF\2\1\1\3\0\0\0\0\0\0\0\0\3\0\267\0\1\0\0\0\3101\2\0\0\0\0\0@\0\0\0\0\0\0\0P9\33\0\0\0\0\0\0\0\0\0@\08\0\r\0@\0@\0?\0\6\0\0\0\4\0\0\0@\0\0\0\0\0\0\0@\0\0\0\0\0\0\0@\0\0\0\0\0\0\0\330\2\0\0\0\0\0\0\330\2\0\0\0\0\0\0\10\0\0\0\0\0\0\0\3\0\0\0\4\0\0\0\350?\27\0\0\0\0\0\350?\27\0\0\0\0\0\350?\27\0\0\0\0\0\33\0\0\0\0\0\0\0\33\0\0\0\0\0\0\0\10\0\0\0\0\0\0\0\1\0\0\0\5\0\0\0\0\0\0\0\0\0\0\0\0\0\0\0\0\0\0\0\0\0\0\0\0\0\0\0\10\210\32\0\0\0\0\0\10\210\32\0\0\0\0\0\0\0\1\0\0\0\0\0\1\0\0\0\6\0\0\0\200\320\32\0\0\0\0\0\200\320\33\0\0\0\0\0"..., 832) = 832 <0.000042>
8158  17:29:54.019128 fstat(3, {st_mode=S_IFREG|0755, st_size=1788240, ...}) = 0 <0.000041>
8158  17:29:54.019222 mmap(NULL, 1957440, PROT_NONE, MAP_PRIVATE|MAP_ANONYMOUS|MAP_DENYWRITE, -1, 0) = 0xe3c847072000 <0.000042>
8158  17:29:54.019315 mmap(0xe3c847080000, 1891904, PROT_READ|PROT_EXEC, MAP_PRIVATE|MAP_FIXED|MAP_DENYWRITE, 3, 0) = 0xe3c847080000 <0.000055>
8158  17:29:54.019421 munmap(0xe3c847072000, 57344) = 0 <0.000043>
8158  17:29:54.019514 munmap(0xe3c84724e000, 7744) = 0 <0.000033>
8158  17:29:54.019609 mprotect(0xe3c847229000, 81920, PROT_NONE) = 0 <0.000047>
8158  17:29:54.019699 mmap(0xe3c84723d000, 20480, PROT_READ|PROT_WRITE, MAP_PRIVATE|MAP_FIXED|MAP_DENYWRITE, 3, 0x1ad000) = 0xe3c84723d000 <0.000053>
8158  17:29:54.019808 mmap(0xe3c847242000, 48704, PROT_READ|PROT_WRITE, MAP_PRIVATE|MAP_FIXED|MAP_ANONYMOUS, -1, 0) = 0xe3c847242000 <0.000045>
8158  17:29:54.019911 close(3)          = 0 <0.000040>
8158  17:29:54.020010 openat(AT_FDCWD, "/usr/lib/aarch64-linux-gnu/libpcre2-8.so.0", O_RDONLY|O_CLOEXEC) = 3 <0.000043>
8158  17:29:54.020106 read(3, "\177ELF\2\1\1\0\0\0\0\0\0\0\0\0\3\0\267\0\1\0\0\0\0\0\0\0\0\0\0\0@\0\0\0\0\0\0\08\3\n\0\0\0\0\0\0\0\0\0@\08\0\n\0@\0\35\0\34\0\1\0\0\0\5\0\0\0\0\0\0\0\0\0\0\0\0\0\0\0\0\0\0\0\0\0\0\0\0\0\0\0\30i\t\0\0\0\0\0\30i\t\0\0\0\0\0\0\0\1\0\0\0\0\0\1\0\0\0\6\0\0\0H\374\t\0\0\0\0\0H\374\n\0\0\0\0\0H\374\n\0\0\0\0\0p\5\0\0\0\0\0\0\320\5\0\0\0\0\0\0\0\0\1\0\0\0\0\0\2\0\0\0\6\0\0\0\310\375\t\0\0\0\0\0\310\375\n\0\0\0\0\0\310\375\n\0\0\0\0\0\360\1\0\0\0\0\0\0\360\1\0\0\0\0\0\0\10\0\0\0\0\0\0\0\4\0\0\0\4\0\0\0p\2\0\0\0\0\0\0p\2\0\0\0\0\0\0"..., 832) = 832 <0.000043>
8158  17:29:54.020203 fstat(3, {st_mode=S_IFREG|0644, st_size=658040, ...}) = 0 <0.000036>
8158  17:29:54.020289 mmap(NULL, 786968, PROT_NONE, MAP_PRIVATE|MAP_ANONYMOUS|MAP_DENYWRITE, -1, 0) = 0xe3c846fbf000 <0.000039>
8158  17:29:54.020374 mmap(0xe3c846fc0000, 721432, PROT_READ|PROT_EXEC, MAP_PRIVATE|MAP_FIXED|MAP_DENYWRITE, 3, 0) = 0xe3c846fc0000 <0.000042>
8158  17:29:54.020463 munmap(0xe3c846fbf000, 4096) = 0 <0.000038>
8158  17:29:54.020542 munmap(0xe3c847071000, 57880) = 0 <0.000032>
8158  17:29:54.020620 mprotect(0xe3c847057000, 98304, PROT_NONE) = 0 <0.000046>
8158  17:29:54.020713 mmap(0xe3c84706f000, 8192, PROT_READ|PROT_WRITE, MAP_PRIVATE|MAP_FIXED|MAP_DENYWRITE, 3, 0x9f000) = 0xe3c84706f000 <0.000040>
8158  17:29:54.020808 close(3)          = 0 <0.000036>
8158  17:29:54.020897 mmap(NULL, 8192, PROT_READ|PROT_WRITE, MAP_PRIVATE|MAP_ANONYMOUS, -1, 0) = 0xe3c8473f9000 <0.000039>
8158  17:29:54.020992 mmap(NULL, 12288, PROT_READ|PROT_WRITE, MAP_PRIVATE|MAP_ANONYMOUS, -1, 0) = 0xe3c8473f6000 <0.000038>
8158  17:29:54.021079 set_tid_address(0xe3c8473f6448) = 8158 <0.000036>
8158  17:29:54.021160 set_robust_list(0xe3c8473f6100, 24) = 0 <0.000036>
8158  17:29:54.021241 rseq(0xe3c8473f6bc0, 0x21, 0, 0xd428bc00) = 0 <0.000036>
8158  17:29:54.021344 mprotect(0xe3c84723d000, 12288, PROT_READ) = 0 <0.000040>
8158  17:29:54.021432 mprotect(0xe3c84706f000, 4096, PROT_READ) = 0 <0.000038>
8158  17:29:54.021519 mprotect(0xe3c84730f000, 4096, PROT_READ) = 0 <0.000043>
8158  17:29:54.021601 mprotect(0xe3c84734f000, 4096, PROT_READ) = 0 <0.000038>
8158  17:29:54.021711 mprotect(0xe3c84739f000, 4096, PROT_READ) = 0 <0.000040>
8158  17:29:54.022084 mprotect(0xca30124df000, 1380352, PROT_READ) = 0 <0.000044>
8158  17:29:54.022177 mprotect(0xe3c847403000, 8192, PROT_READ) = 0 <0.000039>
8158  17:29:54.022267 prlimit64(0, RLIMIT_STACK, NULL, {rlim_cur=8192*1024, rlim_max=RLIM64_INFINITY}) = 0 <0.000036>
8158  17:29:54.022356 getrandom("\x05\x35\xc9\x15\x23\x83\xc8\x33", 8, GRND_NONBLOCK) = 8 <0.000036>
8158  17:29:54.022441 munmap(0xe3c8473b3000, 70405) = 0 <0.000041>
8158  17:29:54.022531 statfs("/sys/fs/selinux", 0xfffff06126c0) = -1 ENOENT (No such file or directory) <0.000049>
8158  17:29:54.022635 statfs("/selinux", 0xfffff06126c0) = -1 ENOENT (No such file or directory) <0.000037>
8158  17:29:54.022724 brk(NULL)         = 0xca302b4db000 <0.000036>
8158  17:29:54.022811 brk(0xca302b600000) = 0xca302b600000 <0.000039>
8158  17:29:54.022905 openat(AT_FDCWD, "/proc/filesystems", O_RDONLY|O_CLOEXEC) = 3 <0.000039>
8158  17:29:54.022992 fstat(3, {st_mode=S_IFREG|0444, st_size=0, ...}) = 0 <0.000036>
8158  17:29:54.023076 read(3, "nodev\tsysfs\nnodev\ttmpfs\nnodev\tbdev\nnodev\tproc\nnodev\tcgroup\nnodev\tcgroup2\nnodev\tdevtmpfs\nnodev\tconfigfs\nnodev\tdebugfs\nnodev\ttracefs\nnodev\tsecurityfs\nnodev\tsockfs\nnodev\tbpf\nnodev\tpipefs\nnodev\tramfs\nnodev\thugetlbfs\nnodev\tdevpts\n\text3\n\text2\n\text4\n\tsquashfs\n\tvf"..., 1024) = 389 <0.000040>
8158  17:29:54.023168 read(3, "", 1024) = 0 <0.000036>
8158  17:29:54.023251 close(3)          = 0 <0.000037>
8158  17:29:54.023333 faccessat(AT_FDCWD, "/etc/selinux/config", F_OK) = -1 ENOENT (No such file or directory) <0.000036>
8158  17:29:54.023427 fcntl(0, F_GETFD) = 0 <0.000035>
8158  17:29:54.023508 fcntl(1, F_GETFD) = 0 <0.000028>
8158  17:29:54.023579 fcntl(2, F_GETFD) = 0 <0.000027>
8158  17:29:54.023651 rt_sigaction(SIGPIPE, NULL, {sa_handler=SIG_DFL, sa_mask=[], sa_flags=0}, 8) = 0 <0.000039>
8158  17:29:54.023752 ppoll([{fd=0, events=0}, {fd=1, events=0}, {fd=2, events=0}], 3, {tv_sec=0, tv_nsec=0}, NULL, 0) = 0 (Timeout) <0.000038>
8158  17:29:54.023847 rt_sigaction(SIGPIPE, {sa_handler=SIG_IGN, sa_mask=[PIPE], sa_flags=SA_RESTART}, {sa_handler=SIG_DFL, sa_mask=[], sa_flags=0}, 8) = 0 <0.000038>
8158  17:29:54.023942 openat(AT_FDCWD, "/proc/self/maps", O_RDONLY|O_CLOEXEC) = 3 <0.000044>
8158  17:29:54.024040 prlimit64(0, RLIMIT_STACK, NULL, {rlim_cur=8192*1024, rlim_max=RLIM64_INFINITY}) = 0 <0.000038>
8158  17:29:54.024131 fstat(3, {st_mode=S_IFREG|0444, st_size=0, ...}) = 0 <0.000040>
8158  17:29:54.024222 read(3, "ca3011c10000-ca30124cc000 r-xp 00000000 103:02 131373                    /usr/lib/cargo/bin/coreutils/dd\nca30124df000-ca3012630000 r--p 008bf000 103:02 131373                    /usr/lib/cargo/bin/coreutils/dd\nca3012630000-ca3012636000 rw-p 00a10000 103:02"..., 1024) = 1024 <0.000044>
8158  17:29:54.024323 read(3, "gnu/libc.so.6\ne3c847229000-e3c84723d000 ---p 001a9000 103:02 135223                    /usr/lib/aarch64-linux-gnu/libc.so.6\ne3c84723d000-e3c847240000 r--p 001ad000 103:02 135223                    /usr/lib/aarch64-linux-gnu/libc.so.6\ne3c847240000-e3c847242"..., 1024) = 1024 <0.000042>
8158  17:29:54.024418 read(3, "/lib/aarch64-linux-gnu/libgcc_s.so.1\ne3c84734f000-e3c847350000 r--p 0001f000 103:02 135358                    /usr/lib/aarch64-linux-gnu/libgcc_s.so.1\ne3c847350000-e3c847351000 rw-p 00020000 103:02 135358                    /usr/lib/aarch64-linux-gnu/libgc"..., 1024) = 1024 <0.000041>
8158  17:29:54.024515 read(3, "var]\ne3c847401000-e3c847403000 r-xp 00000000 00:00 0                          [vdso]\ne3c847403000-e3c847405000 r--p 0002e000 103:02 135021                    /usr/lib/aarch64-linux-gnu/ld-linux-aarch64.so.1\ne3c847405000-e3c847406000 rw-p 00030000 103:02 13"..., 1024) = 459 <0.000031>
8158  17:29:54.024602 close(3)          = 0 <0.000039>
8158  17:29:54.024690 sched_getaffinity(8158, 32, [0 1]) = 8 <0.000038>
8158  17:29:54.024778 rt_sigaction(SIGSEGV, NULL, {sa_handler=SIG_DFL, sa_mask=[], sa_flags=0}, 8) = 0 <0.000036>
8158  17:29:54.024864 sigaltstack(NULL, {ss_sp=NULL, ss_flags=SS_DISABLE, ss_size=0}) = 0 <0.000037>
8158  17:29:54.024951 mmap(NULL, 20480, PROT_READ|PROT_WRITE, MAP_PRIVATE|MAP_ANONYMOUS|MAP_STACK, -1, 0) = 0xe3c8473f1000 <0.000039>
8158  17:29:54.025038 mprotect(0xe3c8473f1000, 4096, PROT_NONE) = 0 <0.000039>
8158  17:29:54.025124 sigaltstack({ss_sp=0xe3c8473f2000, ss_flags=0, ss_size=16384}, NULL) = 0 <0.000038>
8158  17:29:54.025211 gettid()          = 8158 <0.000036>
8158  17:29:54.025297 rt_sigaction(SIGSEGV, {sa_handler=0xca3011e90db0, sa_mask=[], sa_flags=SA_ONSTACK|SA_SIGINFO}, NULL, 8) = 0 <0.000037>
8158  17:29:54.025383 rt_sigaction(SIGBUS, NULL, {sa_handler=SIG_DFL, sa_mask=[], sa_flags=0}, 8) = 0 <0.000037>
8158  17:29:54.025469 rt_sigaction(SIGBUS, {sa_handler=0xca3011e90db0, sa_mask=[], sa_flags=SA_ONSTACK|SA_SIGINFO}, NULL, 8) = 0 <0.000037>
8158  17:29:54.025552 prctl(PR_GET_AUXV, 0xfffff0612138, 0x200, 0, 0) = 432 <0.000028>
8158  17:29:54.025656 statx(AT_FDCWD, "/usr/share/coreutils/locales/dd", AT_STATX_SYNC_AS_STAT, STATX_ALL, {stx_mask=STATX_ALL|STATX_MNT_ID, stx_attributes=0, stx_mode=S_IFDIR|0755, stx_size=4096, ...}) = 0 <0.000050>
8158  17:29:54.025763 statx(AT_FDCWD, "/usr/share/coreutils/locales/uucore", AT_STATX_SYNC_AS_STAT, STATX_ALL, {stx_mask=STATX_ALL|STATX_MNT_ID, stx_attributes=0, stx_mode=S_IFDIR|0755, stx_size=4096, ...}) = 0 <0.000037>
8158  17:29:54.025857 openat(AT_FDCWD, "/usr/share/coreutils/locales/uucore/en-US.ftl", O_RDONLY|O_CLOEXEC) = 3 <0.000038>
8158  17:29:54.025943 statx(3, "", AT_STATX_SYNC_AS_STAT|AT_EMPTY_PATH, STATX_ALL, {stx_mask=STATX_ALL|STATX_MNT_ID, stx_attributes=0, stx_mode=S_IFREG|0644, stx_size=4080, ...}) = 0 <0.000037>
8158  17:29:54.026039 read(3, "# Common strings shared across all uutils commands\n# Mostly clap\n\n# Generic words\ncommon-error = error\ncommon-tip = tip\ncommon-usage = Usage\ncommon-help = help\ncommon-version = version\n\n# Common clap error messages\nclap-error-unexpected-argument = { $error"..., 4080) = 4080 <0.000037>
8158  17:29:54.026121 read(3, "", 32)   = 0 <0.000033>
8158  17:29:54.026196 close(3)          = 0 <0.000033>
8158  17:29:54.026310 statx(AT_FDCWD, "/usr/share/coreutils/locales/dd", AT_STATX_SYNC_AS_STAT, STATX_ALL, {stx_mask=STATX_ALL|STATX_MNT_ID, stx_attributes=0, stx_mode=S_IFDIR|0755, stx_size=4096, ...}) = 0 <0.000034>
8158  17:29:54.026393 openat(AT_FDCWD, "/usr/share/coreutils/locales/dd/en-US.ftl", O_RDONLY|O_CLOEXEC) = -1 ENOENT (No such file or directory) <0.001078>
8158  17:29:54.027611 rt_sigaction(SIGPIPE, {sa_handler=SIG_DFL, sa_mask=[PIPE], sa_flags=SA_RESTART}, {sa_handler=SIG_IGN, sa_mask=[PIPE], sa_flags=SA_RESTART}, 8) = 0 <0.000033>
8158  17:29:54.027692 rt_sigaction(SIGSEGV, {sa_handler=SIG_DFL, sa_mask=~[RTMIN RT_1], sa_flags=0}, {sa_handler=0xca3011e90db0, sa_mask=[], sa_flags=SA_ONSTACK|SA_SIGINFO}, 8) = 0 <0.000033>
8158  17:29:54.027771 rt_sigaction(SIGBUS, {sa_handler=SIG_DFL, sa_mask=~[RTMIN RT_1], sa_flags=0}, {sa_handler=0xca3011e90db0, sa_mask=[], sa_flags=SA_ONSTACK|SA_SIGINFO}, 8) = 0 <0.000033>
8158  17:29:54.027863 ioctl(1, TCGETS2, 0xfffff0611568) = -1 ENOTTY (Inappropriate ioctl for device) <0.000037>
8158  17:29:54.027984 statx(AT_FDCWD, "/dev/urandom", AT_STATX_SYNC_AS_STAT, STATX_ALL, {stx_mask=STATX_ALL|STATX_MNT_ID, stx_attributes=0, stx_mode=S_IFCHR|0666, stx_size=0, ...}) = 0 <0.000038>
8158  17:29:54.028069 openat(AT_FDCWD, "/dev/urandom", O_RDONLY|O_CLOEXEC) = 3 <0.000035>
8158  17:29:54.028160 statx(AT_FDCWD, "e5834b7bdd70ec904470d541713e38fe933e96a4e49f80dbfb25148d9674f957.elf", AT_STATX_SYNC_AS_STAT, STATX_ALL, 0xfffff0611930) = -1 ENOENT (No such file or directory) <0.000042>
8158  17:29:54.028247 openat(AT_FDCWD, "e5834b7bdd70ec904470d541713e38fe933e96a4e49f80dbfb25148d9674f957.elf", O_WRONLY|O_CREAT|O_CLOEXEC, 0666) = 4 <0.000092>
8158  17:29:54.028384 ftruncate(4, 0)   = 0 <0.000045>
8158  17:29:54.028471 statx(4, "", AT_STATX_SYNC_AS_STAT|AT_EMPTY_PATH, STATX_ALL, {stx_mask=STATX_ALL|STATX_MNT_ID, stx_attributes=0, stx_mode=S_IFREG|0644, stx_size=0, ...}) = 0 <0.000033>
8158  17:29:54.028545 lseek(4, 0, SEEK_CUR) = 0 <0.000034>
8158  17:29:54.028629 rt_sigaction(SIGRT_1, {sa_handler=0xe3c847109400, sa_mask=[], sa_flags=SA_ONSTACK|SA_RESTART|SA_SIGINFO}, NULL, 8) = 0 <0.000033>
8158  17:29:54.028706 rt_sigprocmask(SIG_UNBLOCK, [RTMIN RT_1], NULL, 8) = 0 <0.000033>
8158  17:29:54.028783 mmap(NULL, 2162688, PROT_READ|PROT_WRITE, MAP_PRIVATE|MAP_ANONYMOUS|MAP_STACK, -1, 0) = 0xe3c846db0000 <0.000037>
8158  17:29:54.028862 madvise(0xe3c846db0000, 65536, MADV_GUARD_INSTALL) = 0 <0.000044>
8158  17:29:54.028955 rt_sigprocmask(SIG_BLOCK, ~[], [], 8) = 0 <0.000032>
8158  17:29:54.029035 clone3({flags=CLONE_VM|CLONE_FS|CLONE_FILES|CLONE_SIGHAND|CLONE_THREAD|CLONE_SYSVSEM|CLONE_SETTLS|CLONE_PARENT_SETTID|CLONE_CHILD_CLEARTID, child_tid=0xe3c846fbf1c8, parent_tid=0xe3c846fbee70, exit_signal=0, stack=0xe3c846db0000, stack_size=0x20e680, tls=0xe3c846fbf4c0} <unfinished ...>
8159  17:29:54.029133 rseq(0xe3c846fbf940, 0x21, 0, 0xd428bc00 <unfinished ...>
8158  17:29:54.029141 <... clone3 resumed> => {parent_tid=[8159]}, 88) = 8159 <0.000097>
8159  17:29:54.029172 <... rseq resumed>) = 0 <0.000033>
8158  17:29:54.029180 rt_sigprocmask(SIG_SETMASK, [] <unfinished ...>
8159  17:29:54.029212 set_robust_list(0xe3c846fbee80, 24 <unfinished ...>
8158  17:29:54.029220 <... rt_sigprocmask resumed>, NULL, 8) = 0 <0.000035>
8159  17:29:54.029250 <... set_robust_list resumed>) = 0 <0.000032>
8158  17:29:54.029258 mmap(NULL, 2162688, PROT_READ|PROT_WRITE, MAP_PRIVATE|MAP_ANONYMOUS|MAP_STACK, -1, 0 <unfinished ...>
8159  17:29:54.029294 rt_sigprocmask(SIG_SETMASK, [] <unfinished ...>
8158  17:29:54.029305 <... mmap resumed>) = 0xe3c846ba0000 <0.000044>
8159  17:29:54.029337 <... rt_sigprocmask resumed>, NULL, 8) = 0 <0.000035>
8158  17:29:54.029346 madvise(0xe3c846ba0000, 65536, MADV_GUARD_INSTALL <unfinished ...>
8159  17:29:54.029380 mmap(NULL, 134217728, PROT_NONE, MAP_PRIVATE|MAP_ANONYMOUS, -1, 0 <unfinished ...>
8158  17:29:54.029389 <... madvise resumed>) = 0 <0.000039>
8159  17:29:54.029429 <... mmap resumed>) = 0xe3c83ea00000 <0.000043>
8158  17:29:54.029437 rt_sigprocmask(SIG_BLOCK, ~[] <unfinished ...>
8159  17:29:54.029471 munmap(0xe3c83ea00000, 23068672 <unfinished ...>
8158  17:29:54.029480 <... rt_sigprocmask resumed>, [], 8) = 0 <0.000037>
8159  17:29:54.029517 <... munmap resumed>) = 0 <0.000040>
8158  17:29:54.029525 clone3({flags=CLONE_VM|CLONE_FS|CLONE_FILES|CLONE_SIGHAND|CLONE_THREAD|CLONE_SYSVSEM|CLONE_SETTLS|CLONE_PARENT_SETTID|CLONE_CHILD_CLEARTID, child_tid=0xe3c846daf1c8, parent_tid=0xe3c846daee70, exit_signal=0, stack=0xe3c846ba0000, stack_size=0x20e680, tls=0xe3c846daf4c0} <unfinished ...>
8159  17:29:54.029549 munmap(0xe3c844000000, 44040192 <unfinished ...>
8160  17:29:54.029595 rseq(0xe3c846daf940, 0x21, 0, 0xd428bc00 <unfinished ...>
8159  17:29:54.029604 <... munmap resumed>) = 0 <0.000051>
8158  17:29:54.029607 <... clone3 resumed> => {parent_tid=[8160]}, 88) = 8160 <0.000076>
8160  17:29:54.029627 <... rseq resumed>) = 0 <0.000026>
8159  17:29:54.029633 mprotect(0xe3c840000000, 2097152, PROT_READ|PROT_WRITE <unfinished ...>
8158  17:29:54.029636 rt_sigprocmask(SIG_SETMASK, [] <unfinished ...>
8160  17:29:54.029666 set_robust_list(0xe3c846daee80, 24 <unfinished ...>
8159  17:29:54.029674 <... mprotect resumed>) = 0 <0.000038>
8158  17:29:54.029677 <... rt_sigprocmask resumed>, NULL, 8) = 0 <0.000038>
8160  17:29:54.029707 <... set_robust_list resumed>) = 0 <0.000035>
8159  17:29:54.029717 madvise(0xe3c840000000, 2097152, MADV_HUGEPAGE <unfinished ...>
8158  17:29:54.029720 rt_sigaction(SIGUSR1, {sa_handler=0xca3011f0b788, sa_mask=[], sa_flags=SA_RESTART} <unfinished ...>
8160  17:29:54.029752 rt_sigprocmask(SIG_SETMASK, [] <unfinished ...>
8159  17:29:54.029762 <... madvise resumed>) = 0 <0.000041>
8158  17:29:54.029765 <... rt_sigaction resumed>, {sa_handler=SIG_DFL, sa_mask=[], sa_flags=0}, 8) = 0 <0.000040>
8160  17:29:54.029795 <... rt_sigprocmask resumed>, NULL, 8) = 0 <0.000035>
8158  17:29:54.029801 mmap(NULL, 1052672, PROT_READ|PROT_WRITE, MAP_PRIVATE|MAP_ANONYMOUS, -1, 0 <unfinished ...>
8160  17:29:54.029848 mmap(NULL, 134217728, PROT_NONE, MAP_PRIVATE|MAP_ANONYMOUS, -1, 0 <unfinished ...>
8159  17:29:54.029856 sched_getaffinity(8159, 32 <unfinished ...>
8158  17:29:54.029859 <... mmap resumed>) = 0xe3c846a9f000 <0.000054>
8160  17:29:54.030420 <... mmap resumed>) = 0xe3c838000000 <0.000566>
8159  17:29:54.030428 <... sched_getaffinity resumed>, [0 1]) = 8 <0.000569>
8158  17:29:54.030433 read(3 <unfinished ...>
8160  17:29:54.030461 munmap(0xe3c83c000000, 67108864 <unfinished ...>
8159  17:29:54.030466 gettid( <unfinished ...>
8160  17:29:54.030590 <... munmap resumed>) = 0 <0.000123>
8159  17:29:54.030597 <... gettid resumed>) = 8159 <0.000128>
8160  17:29:54.031588 mprotect(0xe3c838000000, 2097152, PROT_READ|PROT_WRITE <unfinished ...>
8159  17:29:54.031595 sigaltstack(NULL <unfinished ...>
8160  17:29:54.032255 <... mprotect resumed>) = 0 <0.000660>
8159  17:29:54.032262 <... sigaltstack resumed>, {ss_sp=NULL, ss_flags=SS_DISABLE, ss_size=0}) = 0 <0.000665>
8158  17:29:54.032268 <... read resumed>, "\2410u7$%\250\232\372\332\333>B\n[\270z\265S\367\345eHo\356\305\230\25\204\17\16\316\222\231\354\27\264~hO\370\331E\377\340\330al\v`H#<\26\251QI\204\247P\371+\275\7\24678&n\2206Y\345\234\370\217\305\v\3620\224\211+/b\317\363\2576\227N\240D\370\327\311z\325(\266\314a\17u\31\36\307H\320\365ty\371\200L\245\32\231Ze\346%L(%.\f\225\321\243:I\357\237\301\335\245\305|\321\0\253\305\36K\363\363\7q\27\364\23\373\211\10\366\313\226r\177\330PS\204\311\"J\301\\\"9\375\260\336\321u\251\324H!\20kNo|\3673ARKP\377\36ycnt\223\377\2~\340\371*\367m^L\273[\262\347V$\0031\230\314\32E\313a\23@\310\264{\353\252\202\242!\1\222|\306\366x[,9\202\315\335\237nw\311O=>lm\375B\307"..., 1048576) = 1048576 <0.001832>
8160  17:29:54.032287 madvise(0xe3c838000000, 2097152, MADV_HUGEPAGE <unfinished ...>
8159  17:29:54.032293 mmap(NULL, 20480, PROT_READ|PROT_WRITE, MAP_PRIVATE|MAP_ANONYMOUS|MAP_STACK, -1, 0 <unfinished ...>
8158  17:29:54.032296 write(4, "\2410u7$%\250\232\372\332\333>B\n[\270z\265S\367\345eHo\356\305\230\25\204\17\16\316\222\231\354\27\264~hO\370\331E\377\340\330al\v`H#<\26\251QI\204\247P\371+\275\7\24678&n\2206Y\345\234\370\217\305\v\3620\224\211+/b\317\363\2576\227N\240D\370\327\311z\325(\266\314a\17u\31\36\307H\320\365ty\371\200L\245\32\231Ze\346%L(%.\f\225\321\243:I\357\237\301\335\245\305|\321\0\253\305\36K\363\363\7q\27\364\23\373\211\10\366\313\226r\177\330PS\204\311\"J\301\\\"9\375\260\336\321u\251\324H!\20kNo|\3673ARKP\377\36ycnt\223\377\2~\340\371*\367m^L\273[\262\347V$\0031\230\314\32E\313a\23@\310\264{\353\252\202\242!\1\222|\306\366x[,9\202\315\335\237nw\311O=>lm\375B\307"..., 1048576 <unfinished ...>
8159  17:29:54.032329 <... mmap resumed>) = 0xe3c8473c0000 <0.000032>
8159  17:29:54.032599 mprotect(0xe3c8473c0000, 4096, PROT_NONE <unfinished ...>
8160  17:29:54.033137 <... madvise resumed>) = 0 <0.000846>
8159  17:29:54.033145 <... mprotect resumed>) = 0 <0.000540>
8158  17:29:54.033147 <... write resumed>) = 1048576 <0.000847>
8159  17:29:54.033182 sigaltstack({ss_sp=0xe3c8473c1000, ss_flags=0, ss_size=16384} <unfinished ...>
8158  17:29:54.033198 read(3 <unfinished ...>
8159  17:29:54.033565 <... sigaltstack resumed>, NULL) = 0 <0.000369>
8160  17:29:54.034701 sched_getaffinity(8160, 32, [0 1]) = 8 <0.000004>
8160  17:29:54.034719 gettid()          = 8160 <0.000003>
8160  17:29:54.034730 sigaltstack(NULL, {ss_sp=NULL, ss_flags=SS_DISABLE, ss_size=0}) = 0 <0.000003>
8160  17:29:54.034745 mmap(NULL, 20480, PROT_READ|PROT_WRITE, MAP_PRIVATE|MAP_ANONYMOUS|MAP_STACK, -1, 0) = 0xe3c8473bb000 <0.000005>
8160  17:29:54.034757 mprotect(0xe3c8473bb000, 4096, PROT_NONE) = 0 <0.000004>
8160  17:29:54.034768 sigaltstack({ss_sp=0xe3c8473bc000, ss_flags=0, ss_size=16384}, NULL) = 0 <0.000003>
8160  17:29:54.034783 clock_nanosleep(CLOCK_REALTIME, 0, {tv_sec=1, tv_nsec=0} <unfinished ...>
8159  17:29:54.035233 statx(AT_FDCWD, "/usr/share/coreutils/locales/dd", AT_STATX_SYNC_AS_STAT, STATX_ALL <unfinished ...>
8158  17:29:54.035243 <... read resumed>, "\313\346\312Z\222e2,\34\345\17\342\376\227\354\231\324\264\r&)u\2\361\331f\36{)\177]>5.4\262\236\356Qu\3726\222`\33\32)>a\272|\31\301=~\306b=\233\35\"\243Z>\26~\265\351\36\330\355\224\31\6#\335i\304v\334\256\201\272\376x\200\24\331'\na\354l\231`\260\3?\3557\252\214\371a\325\272\336\300w\277\227\274\22\4\t`91`\223\4\334O\3153\274~\\\305l&\217\304\371\352\321\366\342:5\336\252\250\261\4\307s\fs\344S\330\311\226\27\264\313\266\310\367\244\26\357\232\326\17\27o\335\32n\17o\242\3\262\tU\201\320G\366\242\270\361i\271\351\16`~g\223M\245w\329\2l\275\26\245M\6\227A\207E2\344\26\361^hC\365*l\327/:\341p\240\347\330\363\240$\352?\314F\307\3\200P\"\301\206$2E\34N\223\v!sK\375\262\257\221u"..., 1048576) = 1048576 <0.002039>
8159  17:29:54.035275 <... statx resumed>, {stx_mask=STATX_ALL|STATX_MNT_ID, stx_attributes=0, stx_mode=S_IFDIR|0755, stx_size=4096, ...}) = 0 <0.000034>
8158  17:29:54.035286 write(4, "\313\346\312Z\222e2,\34\345\17\342\376\227\354\231\324\264\r&)u\2\361\331f\36{)\177]>5.4\262\236\356Qu\3726\222`\33\32)>a\272|\31\301=~\306b=\233\35\"\243Z>\26~\265\351\36\330\355\224\31\6#\335i\304v\334\256\201\272\376x\200\24\331'\na\354l\231`\260\3?\3557\252\214\371a\325\272\336\300w\277\227\274\22\4\t`91`\223\4\334O\3153\274~\\\305l&\217\304\371\352\321\366\342:5\336\252\250\261\4\307s\fs\344S\330\311\226\27\264\313\266\310\367\244\26\357\232\326\17\27o\335\32n\17o\242\3\262\tU\201\320G\366\242\270\361i\271\351\16`~g\223M\245w\329\2l\275\26\245M\6\227A\207E2\344\26\361^hC\365*l\327/:\341p\240\347\330\363\240$\352?\314F\307\3\200P\"\301\206$2E\34N\223\v!sK\375\262\257\221u"..., 1048576 <unfinished ...>
8159  17:29:54.035316 statx(AT_FDCWD, "/usr/share/coreutils/locales/uucore", AT_STATX_SYNC_AS_STAT, STATX_ALL, {stx_mask=STATX_ALL|STATX_MNT_ID, stx_attributes=0, stx_mode=S_IFDIR|0755, stx_size=4096, ...}) = 0 <0.000782>
8158  17:29:54.036116 <... write resumed>) = 1048576 <0.000825>
8159  17:29:54.036149 openat(AT_FDCWD, "/usr/share/coreutils/locales/uucore/en-US.ftl", O_RDONLY|O_CLOEXEC <unfinished ...>
8158  17:29:54.036159 read(3 <unfinished ...>
8159  17:29:54.036192 <... openat resumed>) = 5 <0.000035>
8159  17:29:54.037961 statx(5, "", AT_STATX_SYNC_AS_STAT|AT_EMPTY_PATH, STATX_ALL <unfinished ...>
8158  17:29:54.037972 <... read resumed>, "V3\0\246\224'\231\221\224\333G8S\271\200~;\17G&d\232\357\243V\212k\304\32\372\5c\16We\250\f\252\27\212\t\332\t\5lMB\177\317\2729\261\253c\355]@L\204\302\327r\315\212\360\260|\273\226\266S#\31/5\25+\3160-b\354A5\364\vC\21\255\317\252\243\v|\217e\335\356\255Cg\fra\366\354\264\2730(*\316\223\234+#\235&C;\256\212\361\16\5f\v\10\343\246q\215P\272\231\271\321M2X\26\1\f^\343\346\202\202\345\276\2136\34\360\234\240\257\210\376\256\352\25Q\350\263\304\350\20\6\201\221(\224w\273\275\337\273{e\34L\n21eS_\247M\325\234N-\344K\217\30\vQ\232\372\336\223\311L\301\252\251(8P\2269\10a\333\23S\265K\24\27_`\372\26YY\203!C\306\337\366\216\23\336&\365\215\227\241X\276\365\177\343\306\273\273\30\261\255\247\244"..., 1048576) = 1048576 <0.001810>
8159  17:29:54.038004 <... statx resumed>, {stx_mask=STATX_ALL|STATX_MNT_ID, stx_attributes=0, stx_mode=S_IFREG|0644, stx_size=4080, ...}) = 0 <0.000035>
8158  17:29:54.038014 write(4, "V3\0\246\224'\231\221\224\333G8S\271\200~;\17G&d\232\357\243V\212k\304\32\372\5c\16We\250\f\252\27\212\t\332\t\5lMB\177\317\2729\261\253c\355]@L\204\302\327r\315\212\360\260|\273\226\266S#\31/5\25+\3160-b\354A5\364\vC\21\255\317\252\243\v|\217e\335\356\255Cg\fra\366\354\264\2730(*\316\223\234+#\235&C;\256\212\361\16\5f\v\10\343\246q\215P\272\231\271\321M2X\26\1\f^\343\346\202\202\345\276\2136\34\360\234\240\257\210\376\256\352\25Q\350\263\304\350\20\6\201\221(\224w\273\275\337\273{e\34L\n21eS_\247M\325\234N-\344K\217\30\vQ\232\372\336\223\311L\301\252\251(8P\2269\10a\333\23S\265K\24\27_`\372\26YY\203!C\306\337\366\216\23\336&\365\215\227\241X\276\365\177\343\306\273\273\30\261\255\247\244"..., 1048576 <unfinished ...>
8159  17:29:54.038045 read(5, "# Common strings shared across all uutils commands\n# Mostly clap\n\n# Generic words\ncommon-error = error\ncommon-tip = tip\ncommon-usage = Usage\ncommon-help = help\ncommon-version = version\n\n# Common clap error messages\nclap-error-unexpected-argument = { $error"..., 4080) = 4080 <0.000586>
8159  17:29:54.038647 read(5, "", 32)   = 0 <0.000003>
8159  17:29:54.038663 close(5)          = 0 <0.000004>
8159  17:29:54.038708 statx(AT_FDCWD, "/usr/share/coreutils/locales/dd", AT_STATX_SYNC_AS_STAT, STATX_ALL, {stx_mask=STATX_ALL|STATX_MNT_ID, stx_attributes=0, stx_mode=S_IFDIR|0755, stx_size=4096, ...}) = 0 <0.000004>
8159  17:29:54.038725 openat(AT_FDCWD, "/usr/share/coreutils/locales/dd/en-US.ftl", O_RDONLY|O_CLOEXEC) = -1 ENOENT (No such file or directory) <0.000006>
8159  17:29:54.038761 futex(0xca302b4dbfc8, FUTEX_WAIT_BITSET_PRIVATE, 4294967295, NULL, FUTEX_BITSET_MATCH_ANY <unfinished ...>
8158  17:29:54.038849 <... write resumed>) = 1048576 <0.000828>
8158  17:29:54.038900 read(3, "\347\372\263\322\370\255\273\310\216\\\200b\321\237\26&\201\226Vwc\26\\;\3620\311Mf\215\213~\335\360\fjT\241\6h\254\252l-\313\217K\5l\346\265GW\271\233\215\330\372*\r\27e\215\363\2775\342\275EPPM\274 \334\206\206{BA\330\16#\266\27\316\341\211\2423{1\4\34\350\355\341(\360G\241\232c[\315\301\367@x\32\345'x\202\371BJ6$(q\f*\234\376G\"\34XS\251\241\210cP\25\266*\5\313\350\274,B\337/\267\320\344\272\363\254U\264\262\337\211=\356Q\250\362\225\230Bg%\272w\255\364\253\343A9B'\n\277Ns\255!\201dU\214,N\22o\340++\372\261\252!\6\325=\276A\33\333\225\370\33\24z\274\341n\336\337\226\4j\252m2\345ao|_0\360\0\270\274\"\35\221;\344\237\273d\313 \22b.\n\237\333`\4\224\222\5\246e\201\244"..., 1048576) = 1048576 <0.001739>
8158  17:29:54.040694 write(4, "\347\372\263\322\370\255\273\310\216\\\200b\321\237\26&\201\226Vwc\26\\;\3620\311Mf\215\213~\335\360\fjT\241\6h\254\252l-\313\217K\5l\346\265GW\271\233\215\330\372*\r\27e\215\363\2775\342\275EPPM\274 \334\206\206{BA\330\16#\266\27\316\341\211\2423{1\4\34\350\355\341(\360G\241\232c[\315\301\367@x\32\345'x\202\371BJ6$(q\f*\234\376G\"\34XS\251\241\210cP\25\266*\5\313\350\274,B\337/\267\320\344\272\363\254U\264\262\337\211=\356Q\250\362\225\230Bg%\272w\255\364\253\343A9B'\n\277Ns\255!\201dU\214,N\22o\340++\372\261\252!\6\325=\276A\33\333\225\370\33\24z\274\341n\336\337\226\4j\252m2\345ao|_0\360\0\270\274\"\35\221;\344\237\273d\313 \22b.\n\237\333`\4\224\222\5\246e\201\244"..., 1048576) = 1048576 <0.000753>
8158  17:29:54.041497 lseek(4, 0, SEEK_CUR) = 4194304 <0.000030>
8158  17:29:54.041552 ftruncate(4, 4194304) = 0 <0.000041>
8158  17:29:54.041649 futex(0xca302b4dbfc8, FUTEX_WAKE_PRIVATE, 1 <unfinished ...>
8159  17:29:54.041696 <... futex resumed>) = 0 <0.002929>
8158  17:29:54.041704 <... futex resumed>) = 1 <0.000050>
8159  17:29:54.041742 write(2, "4+0 records in", 14 <unfinished ...>
8158  17:29:54.041751 futex(0xe3c846fbf1c8, FUTEX_WAIT_BITSET|FUTEX_CLOCK_REALTIME, 2, NULL, FUTEX_BITSET_MATCH_ANY <unfinished ...>
8159  17:29:54.041778 <... write resumed>) = 14 <0.000029>
8159  17:29:54.041813 write(2, "\n", 1) = 1 <0.000032>
8159  17:29:54.041897 write(2, "4+0 records out", 15) = 15 <0.000027>
8159  17:29:54.041976 write(2, "\n", 1) = 1 <0.000035>
8159  17:29:54.042065 write(2, "4194304 bytes (4.2 MB, 4.0 MiB) copied, 0.0130255 s, 323 MB/s", 61) = 61 <0.000035>
8159  17:29:54.042141 write(2, "\n", 1) = 1 <0.000029>
8159  17:29:54.042211 sigaltstack({ss_sp=NULL, ss_flags=SS_DISABLE, ss_size=16384}, NULL) = 0 <0.000021>
8159  17:29:54.042271 munmap(0xe3c8473c0000, 20480) = 0 <0.000035>
8159  17:29:54.042353 rt_sigprocmask(SIG_BLOCK, ~[RT_1], NULL, 8) = 0 <0.000030>
8159  17:29:54.042436 madvise(0xe3c846db0000, 2023424, MADV_DONTNEED) = 0 <0.000033>
8159  17:29:54.042513 exit(0)           = ?
8159  17:29:54.042574 +++ exited with 0 +++
8158  17:29:54.042578 <... futex resumed>) = 0 <0.000824>
8158  17:29:54.042612 close(4)          = 0 <0.000176>
8158  17:29:54.042831 munmap(0xe3c846a9f000, 1052672) = 0 <0.000068>
8158  17:29:54.042944 close(3)          = 0 <0.000031>
8158  17:29:54.043016 sigaltstack({ss_sp=NULL, ss_flags=SS_DISABLE, ss_size=16384}, NULL) = 0 <0.000036>
8158  17:29:54.043094 munmap(0xe3c8473f1000, 20480) = 0 <0.000030>
8158  17:29:54.043195 exit_group(0 <unfinished ...>
8160  17:29:54.043236 <... clock_nanosleep resumed> <unfinished ...>) = ?
8158  17:29:54.043242 <... exit_group resumed>) = ?
8160  17:29:54.043408 +++ exited with 0 +++
8158  17:29:54.043412 +++ exited with 0 +++
7770  17:29:54.043455 <... wait4 resumed>, [{WIFEXITED(s) && WEXITSTATUS(s) == 0}], 0, NULL) = 8158 <0.028081>
7770  17:29:54.043496 --- SIGCHLD {si_signo=SIGCHLD, si_code=CLD_EXITED, si_pid=8158, si_uid=0, si_status=0, si_utime=0, si_stime=1 /* 0.01 s */} ---
7770  17:29:54.043533 rt_sigreturn({mask=[]}) = 8158 <0.000029>
7770  17:29:54.043607 wait4(-1, 0xffffe4f62984, WNOHANG, NULL) = -1 ECHILD (No child processes) <0.000031>
7770  17:29:54.043678 dup3(10, 1, 0)    = 1 <0.000041>
7770  17:29:54.043758 close(10)         = 0 <0.000030>
7770  17:29:54.043822 dup3(11, 2, 0)    = 2 <0.000028>
7770  17:29:54.043876 close(11)         = 0 <0.000017>
7770  17:29:54.043918 openat(AT_FDCWD, "/dev/null", O_WRONLY|O_CREAT|O_TRUNC, 0666) = 3 <0.000019>
7770  17:29:54.043968 fcntl(1, F_DUPFD, 10) = 10 <0.000019>
7770  17:29:54.044009 close(1)          = 0 <0.000017>
7770  17:29:54.044047 fcntl(10, F_SETFD, FD_CLOEXEC) = 0 <0.000018>
7770  17:29:54.044086 dup3(3, 1, 0)     = 1 <0.000016>
7770  17:29:54.044124 close(3)          = 0 <0.000016>
7770  17:29:54.044169 fcntl(2, F_DUPFD, 10) = 11 <0.000018>
7770  17:29:54.044209 close(2)          = 0 <0.000016>
7770  17:29:54.044246 fcntl(11, F_SETFD, FD_CLOEXEC) = 0 <0.000018>
7770  17:29:54.044286 dup3(1, 2, 0)     = 2 <0.000016>
7770  17:29:54.044324 newfstatat(AT_FDCWD, "/usr/local/sbin/rm", 0xffffe4f62ab8, 0) = -1 ENOENT (No such file or directory) <0.000018>
7770  17:29:54.044366 newfstatat(AT_FDCWD, "/usr/local/bin/rm", 0xffffe4f62ab8, 0) = -1 ENOENT (No such file or directory) <0.000017>
7770  17:29:54.044407 newfstatat(AT_FDCWD, "/usr/sbin/rm", 0xffffe4f62ab8, 0) = -1 ENOENT (No such file or directory) <0.000018>
7770  17:29:54.044449 newfstatat(AT_FDCWD, "/usr/bin/rm", {st_mode=S_IFREG|0755, st_size=68224, ...}, 0) = 0 <0.000031>
7770  17:29:54.044505 rt_sigprocmask(SIG_SETMASK, ~[RTMIN RT_1], NULL, 8) = 0 <0.000017>
7770  17:29:54.044544 clone(child_stack=0xffffe4f62ad0, flags=CLONE_VM|CLONE_VFORK|SIGCHLD <unfinished ...>
8161  17:29:54.044667 rt_sigprocmask(SIG_SETMASK, [], ~[KILL STOP RTMIN RT_1], 8) = 0 <0.000018>
8161  17:29:54.044712 execve("/usr/bin/rm", ["rm", "e5834b7bdd70ec904470d541713e38fe933e96a4e49f80dbfb25148d9674f957.elf"], 0xc0e349b33d28 /* 20 vars */ <unfinished ...>
7770  17:29:54.044808 <... clone resumed>) = 8161 <0.000260>
7770  17:29:54.044815 rt_sigprocmask(SIG_SETMASK, [], ~[KILL STOP RTMIN RT_1], 8) = 0 <0.000004>
8161  17:29:54.044845 <... execve resumed>) = 0 <0.000127>
7770  17:29:54.044850 wait4(-1 <unfinished ...>
8161  17:29:54.044873 brk(NULL)         = 0xb35c5d0d3000 <0.000017>
8161  17:29:54.044928 mmap(NULL, 8192, PROT_READ|PROT_WRITE, MAP_PRIVATE|MAP_ANONYMOUS, -1, 0) = 0xf29e5f1b7000 <0.000019>
8161  17:29:54.044971 faccessat(AT_FDCWD, "/etc/ld.so.preload", R_OK) = -1 ENOENT (No such file or directory) <0.000017>
8161  17:29:54.045012 openat(AT_FDCWD, "/etc/ld.so.cache", O_RDONLY|O_CLOEXEC) = 3 <0.000018>
8161  17:29:54.045052 fstat(3, {st_mode=S_IFREG|0644, st_size=70405, ...}) = 0 <0.000017>
8161  17:29:54.045093 mmap(NULL, 70405, PROT_READ, MAP_PRIVATE, 3, 0) = 0xf29e5f16f000 <0.000018>
8161  17:29:54.045134 close(3)          = 0 <0.000018>
8161  17:29:54.045178 openat(AT_FDCWD, "/usr/lib/aarch64-linux-gnu/libc.so.6", O_RDONLY|O_CLOEXEC) = 3 <0.000017>
8161  17:29:54.045220 read(3, "\177ELF\2\1\1\3\0\0\0\0\0\0\0\0\3\0\267\0\1\0\0\0\3101\2\0\0\0\0\0@\0\0\0\0\0\0\0P9\33\0\0\0\0\0\0\0\0\0@\08\0\r\0@\0@\0?\0\6\0\0\0\4\0\0\0@\0\0\0\0\0\0\0@\0\0\0\0\0\0\0@\0\0\0\0\0\0\0\330\2\0\0\0\0\0\0\330\2\0\0\0\0\0\0\10\0\0\0\0\0\0\0\3\0\0\0\4\0\0\0\350?\27\0\0\0\0\0\350?\27\0\0\0\0\0\350?\27\0\0\0\0\0\33\0\0\0\0\0\0\0\33\0\0\0\0\0\0\0\10\0\0\0\0\0\0\0\1\0\0\0\5\0\0\0\0\0\0\0\0\0\0\0\0\0\0\0\0\0\0\0\0\0\0\0\0\0\0\0\10\210\32\0\0\0\0\0\10\210\32\0\0\0\0\0\0\0\1\0\0\0\0\0\1\0\0\0\6\0\0\0\200\320\32\0\0\0\0\0\200\320\33\0\0\0\0\0"..., 832) = 832 <0.000017>
8161  17:29:54.045271 fstat(3, {st_mode=S_IFREG|0755, st_size=1788240, ...}) = 0 <0.000018>
8161  17:29:54.045312 mmap(NULL, 1957440, PROT_NONE, MAP_PRIVATE|MAP_ANONYMOUS|MAP_DENYWRITE, -1, 0) = 0xf29e5ef91000 <0.000022>
8161  17:29:54.045355 mmap(0xf29e5efa0000, 1891904, PROT_READ|PROT_EXEC, MAP_PRIVATE|MAP_FIXED|MAP_DENYWRITE, 3, 0) = 0xf29e5efa0000 <0.000020>
8161  17:29:54.045403 munmap(0xf29e5ef91000, 61440) = 0 <0.000019>
8161  17:29:54.045443 munmap(0xf29e5f16e000, 3648) = 0 <0.000017>
8161  17:29:54.045481 mprotect(0xf29e5f149000, 81920, PROT_NONE) = 0 <0.000021>
8161  17:29:54.045523 mmap(0xf29e5f15d000, 20480, PROT_READ|PROT_WRITE, MAP_PRIVATE|MAP_FIXED|MAP_DENYWRITE, 3, 0x1ad000) = 0xf29e5f15d000 <0.000018>
8161  17:29:54.045567 mmap(0xf29e5f162000, 48704, PROT_READ|PROT_WRITE, MAP_PRIVATE|MAP_FIXED|MAP_ANONYMOUS, -1, 0) = 0xf29e5f162000 <0.000018>
8161  17:29:54.045612 close(3)          = 0 <0.000018>
8161  17:29:54.045656 set_tid_address(0xf29e5f1b8388) = 8161 <0.000017>
8161  17:29:54.045695 set_robust_list(0xf29e5f1b8040, 24) = 0 <0.000016>
8161  17:29:54.045732 rseq(0xf29e5f1b8740, 0x21, 0, 0xd428bc00) = 0 <0.000022>
8161  17:29:54.045799 mprotect(0xf29e5f15d000, 12288, PROT_READ) = 0 <0.000018>
8161  17:29:54.045847 mprotect(0xb35c4447f000, 4096, PROT_READ) = 0 <0.000018>
8161  17:29:54.045885 mmap(NULL, 8192, PROT_READ|PROT_WRITE, MAP_PRIVATE|MAP_ANONYMOUS, -1, 0) = 0xf29e5f1b5000 <0.000018>
8161  17:29:54.045929 mprotect(0xf29e5f1bf000, 8192, PROT_READ) = 0 <0.000022>
8161  17:29:54.045975 prlimit64(0, RLIMIT_STACK, NULL, {rlim_cur=8192*1024, rlim_max=RLIM64_INFINITY}) = 0 <0.000018>
8161  17:29:54.046018 getrandom("\xca\x18\xcc\xe1\x68\x02\xd1\x3f", 8, GRND_NONBLOCK) = 8 <0.000016>
8161  17:29:54.046063 munmap(0xf29e5f16f000, 70405) = 0 <0.000021>
8161  17:29:54.046114 brk(NULL)         = 0xb35c5d0d3000 <0.000024>
8161  17:29:54.046165 brk(0xb35c5d200000) = 0xb35c5d200000 <0.000021>
8161  17:29:54.046212 openat(AT_FDCWD, "/usr/lib/locale/locale-archive", O_RDONLY|O_CLOEXEC) = 3 <0.000018>
8161  17:29:54.046272 fstat(3, {st_mode=S_IFREG|0644, st_size=14622112, ...}) = 0 <0.000016>
8161  17:29:54.046310 mmap(NULL, 14622112, PROT_READ, MAP_PRIVATE, 3, 0) = 0xf29e5e000000 <0.000018>
8161  17:29:54.046351 close(3)          = 0 <0.000016>
8161  17:29:54.046402 ioctl(0, TCGETS2, 0xffffc97e92d8) = -1 ENOTTY (Inappropriate ioctl for device) <0.000017>
8161  17:29:54.046452 newfstatat(AT_FDCWD, "e5834b7bdd70ec904470d541713e38fe933e96a4e49f80dbfb25148d9674f957.elf", {st_mode=S_IFREG|0644, st_size=4194304, ...}, AT_SYMLINK_NOFOLLOW) = 0 <0.000018>
8161  17:29:54.046505 unlinkat(AT_FDCWD, "e5834b7bdd70ec904470d541713e38fe933e96a4e49f80dbfb25148d9674f957.elf", 0) = 0 <0.000119>
8161  17:29:54.046652 close(0)          = 0 <0.000016>
8161  17:29:54.046689 close(1)          = 0 <0.000017>
8161  17:29:54.046726 close(2)          = 0 <0.000016>
8161  17:29:54.046765 exit_group(0)     = ?
8161  17:29:54.046823 +++ exited with 0 +++
7770  17:29:54.046840 <... wait4 resumed>, [{WIFEXITED(s) && WEXITSTATUS(s) == 0}], 0, NULL) = 8161 <0.001987>
7770  17:29:54.046863 --- SIGCHLD {si_signo=SIGCHLD, si_code=CLD_EXITED, si_pid=8161, si_uid=0, si_status=0, si_utime=0, si_stime=0} ---
7770  17:29:54.046883 rt_sigreturn({mask=[]}) = 8161 <0.000018>
7770  17:29:54.046924 wait4(-1, 0xffffe4f629f4, WNOHANG, NULL) = -1 ECHILD (No child processes) <0.000016>
7770  17:29:54.046962 dup3(10, 1, 0)    = 1 <0.000018>
7770  17:29:54.047003 close(10)         = 0 <0.000016>
7770  17:29:54.047038 dup3(11, 2, 0)    = 2 <0.000016>
7770  17:29:54.047076 close(11)         = 0 <0.000015>
7770  17:29:54.047113 exit_group(0)     = ?
7770  17:29:54.047174 +++ exited with 0 +++
